BeanCount,rms_db,shake_rate_bpm
64,-80.0,378.5489
64,-80.0,378.5489
64,-80.0,378.5489
64,-80.0,378.5489
64,-80.0,378.5489
64,-80.0,378.5489
64,-80.0,378.5489
64,-80.0,378.5489
64,-80.0,378.5489
64,-80.0,378.5489
64,-80.0,378.5489
64,-48.485443,378.5489
64,-40.765842,378.5489
64,-37.642155,378.5489
64,-33.27141,378.5489
64,-30.162945,378.5489
64,-26.911156,378.5489
64,-25.082588,378.5489
64,-23.747807,378.5489
64,-23.514565,378.5489
64,-24.155151,378.5489
64,-25.55931,378.5489
64,-27.002975,378.5489
64,-25.89753,378.5489
64,-22.19999,378.5489
64,-17.754372,378.5489
64,-17.275959,378.5489
64,-16.72335,378.5489
64,-18.987175,378.5489
64,-20.083431,378.5489
64,-22.86454,378.5489
64,-25.480183,378.5489
64,-26.483616,378.5489
64,-26.592186,378.5489
64,-25.924873,378.5489
64,-25.09019,378.5489
64,-24.826855,378.5489
64,-23.452278,378.5489
64,-23.726746,378.5489
64,-23.369377,378.5489
64,-22.348194,378.5489
64,-18.06504,378.5489
64,-16.455814,378.5489
64,-15.465091,380.44476
64,-16.35033,388.5315
64,-17.897587,396.96945
64,-19.428192,405.78207
64,-21.630848,414.99484
64,-22.843582,424.63568
64,-25.789272,434.73508
64,-23.620575,445.3266
64,-21.954723,456.44708
64,-19.925457,468.1372
64,-15.444816,480.4418
64,-13.682412,493.41074
64,-13.049226,495.89624
64,-13.932218,478.92648
64,-16.143936,463.07977
64,-17.5764,448.24814
64,-18.279743,434.33707
64,-13.8458185,421.26346
64,-11.08752,408.95386
64,-7.8670053,397.34326
64,-6.4718847,386.37372
64,-6.150552,385.53656
64,-7.4547796,400.4195
64,-9.63585,416.49762
64,-12.544515,433.92093
64,-15.663493,452.86557
64,-17.429543,473.53998
64,-17.534573,496.19238
64,-16.326843,521.1209
64,-13.739175,548.68665
64,-10.993318,579.3316
64,-6.776372,613.6022
64,-5.5510607,652.1823
64,-5.64968,628.21344
64,-7.8161573,562.7268
64,-11.580157,509.6043
64,-14.039853,465.6464
64,-11.228459,428.66974
64,-7.6668234,397.1337
64,-6.2664194,369.91974
64,-6.5553217,376.4284
64,-9.23692,389.5061
64,-14.24647,403.5252
64,-17.024017,418.59116
64,-19.796589,434.8257
64,-21.475418,452.37036
64,-19.971252,471.39032
64,-19.699604,492.0799
64,-19.560913,514.669
64,-18.438984,539.4318
64,-14.87046,566.69794
64,-13.319097,596.8672
64,-12.529452,592.39545
64,-13.316571,560.6925
64,-14.772454,532.2105
64,-15.840478,506.48227
64,-12.769624,483.12683
64,-9.993995,461.8304
64,-8.210858,442.3323
64,-8.478675,420.37805
64,-9.420304,385.80884
64,-12.457681,356.49316
64,-16.766644,331.31793
64,-19.011799,309.46393
64,-18.206413,290.31448
64,-18.349873,273.39685
64,-18.64273,258.34238
64,-20.613281,244.8593
64,-14.276309,232.71379
64,-13.411548,221.71622
64,-12.925645,222.0489
64,-14.320756,227.82362
64,-14.518773,233.90671
64,-14.13268,240.32356
64,-15.020867,247.10243
64,-16.23817,254.27481
64,-17.66499,261.876
64,-17.941158,269.94565
64,-17.323887,278.52847
64,-17.459293,287.67496
64,-17.937542,297.44257
64,-18.364418,307.8968
64,-19.116852,319.11264
64,-20.693966,331.1765
64,-24.247276,344.18835
64,-26.355465,358.2645
64,-27.059711,373.54105
64,-26.388245,390.1784
64,-17.165462,408.36688
64,-15.119967,428.33408
64,-14.079255,447.9637
64,-14.48776,432.40967
64,-16.108402,417.89954
64,-17.30037,404.3316
64,-18.40512,391.61697
64,-20.078606,379.67764
64,-17.987923,368.44473
64,-16.042767,357.85742
64,-13.641633,347.86154
64,-11.192376,338.40894
64,-10.9126425,330.3214
64,-11.525254,345.34018
64,-15.26917,361.78973
64,-17.446712,379.8847
64,-19.446194,399.88507
64,-19.960934,422.10843
64,-21.836739,446.9472
64,-22.450485,474.89206
64,-22.456425,506.5644
64,-20.948048,542.7633
64,-18.619541,584.5339
64,-14.428796,633.2698
64,-11.431022,690.8717
64,-9.5428915,760.001
64,-9.4955225,688.3371
64,-9.936641,498.47577
64,-10.75174,390.70825
64,-9.578853,321.25485
64,-6.959161,272.76703
64,-6.6664286,236.9965
64,-7.4060087,231.35324
64,-10.687425,230.74007
64,-13.622918,230.13017
64,-15.638099,229.52348
64,-17.998672,228.91998
64,-19.951431,228.31966
64,-22.327831,227.72244
64,-18.303802,227.12837
64,-17.518517,226.5374
64,-16.478813,225.94948
64,-17.59658,225.3646
64,-17.856491,224.78275
64,-18.641441,224.20389
64,-20.014408,223.628
64,-21.12399,223.05508
64,-17.710472,222.48506
64,-15.941985,221.91795
64,-13.808654,221.35374
64,-12.459161,220.7924
64,-13.0055,221.1306
64,-13.703805,222.70645
64,-18.015572,224.30493
64,-19.937439,225.92651
64,-22.576855,227.57172
64,-25.506668,229.24104
64,-26.295895,230.93506
64,-26.39273,232.65428
64,-25.047672,234.3993
64,-23.140182,236.1707
64,-21.289883,237.96907
64,-19.12886,239.79504
64,-18.300804,241.64926
64,-18.335072,243.53236
64,-19.932274,245.44505
64,-21.420685,247.38803
64,-18.537037,249.362
64,-14.520984,251.36774
64,-11.778483,253.40599
64,-8.997331,255.47758
64,-8.59772,257.51968
64,-9.104951,254.58554
64,-12.915332,251.71751
64,-17.152832,248.91338
64,-19.92892,246.17104
64,-22.405548,243.48846
64,-24.284683,240.86374
64,-25.330017,238.29498
64,-23.928074,235.78043
64,-19.165089,233.31839
64,-16.355652,230.90727
64,-12.605899,228.54544
64,-11.85481,226.23145
64,-11.349719,223.96385
64,-12.666499,221.74124
64,-12.3425,219.56235
64,-11.17933,217.42583
64,-10.746945,215.33047
64,-10.552394,216.47774
64,-11.864804,220.46535
64,-13.210521,224.60263
64,-16.332985,228.89815
64,-19.129032,233.36118
64,-21.69199,238.00172
64,-23.986862,242.83058
64,-25.370987,247.8594
64,-25.46133,253.10095
64,-23.780964,258.56897
64,-21.407467,264.27847
64,-17.782162,270.2458
64,-16.940159,276.48883
64,-16.541225,283.02713
64,-19.019249,289.88214
64,-17.45559,297.07748
64,-14.107194,304.6391
64,-9.731538,312.59573
64,-7.859004,320.97913
64,-6.8344812,329.82455
64,-6.5039377,339.1713
64,-7.1237535,350.58542
64,-8.335824,364.13892
64,-11.919564,378.7825
64,-15.234723,394.6532
64,-18.127872,411.91202
64,-20.669415,430.74936
64,-22.55928,451.39215
64,-21.687553,474.11313
64,-16.120525,499.24265
64,-10.775092,527.1852
64,-6.3012133,558.441
64,-3.6496286,593.6366
64,-1.796299,633.567
64,-2.3950253,628.35956
64,-3.6650171,571.63885
64,-8.990407,524.3104
64,-11.5096445,484.21982
64,-8.282893,449.82462
64,-3.9256334,419.99176
64,-2.4390793,393.8698
64,-1.8814373,392.28723
64,-3.0565176,405.621
64,-5.4648333,419.89313
64,-8.809068,435.20618
64,-12.269097,451.6784
64,-13.816209,469.44662
64,-14.405629,488.67004
64,-14.3219,509.535
64,-14.287988,532.2612
64,-11.071116,557.1094
64,-8.914191,584.3911
64,-7.7321215,614.4825
64,-8.085366,545.03613
64,-9.256669,482.83267
64,-10.895032,433.37302
64,-12.389972,393.10474
64,-9.799752,359.6836
64,-7.86946,331.5
64,-6.052518,307.41217
64,-5.9382124,307.2678
64,-6.448228,321.30844
64,-8.620145,336.6937
64,-10.710629,353.62643
64,-13.48434,372.3525
64,-16.416622,393.17273
64,-19.052185,416.45923
64,-21.00552,442.6777
64,-21.756699,472.4192
64,-20.146832,506.44495
64,-18.364494,545.75244
64,-15.049573,591.6751
64,-13.834605,646.0362
64,-9.44012,711.3968
64,-8.7840605,791.47144
64,-8.459353,737.8662
64,-10.021382,618.1196
64,-11.0280695,531.813
64,-9.236688,466.655
64,-6.877616,415.7207
64,-6.933772,383.4523
64,-8.128526,399.93054
64,-13.9101,417.8886
64,-17.443954,437.5352
64,-19.775566,459.1203
64,-21.78933,482.94565
64,-20.737457,509.37912
64,-20.466003,538.8737
64,-18.959633,571.9939
64,-17.604298,609.45197
64,-14.250733,652.1598
64,-11.464429,701.3043
64,-11.2099085,687.2356
64,-12.363696,574.77496
64,-15.917975,493.94482
64,-16.708206,433.04596
64,-11.613469,385.5154
64,-9.727853,347.38672
64,-8.79757,326.29675
64,-8.900918,339.0041
64,-11.017192,352.74127
64,-12.517333,367.63882
64,-14.676938,383.85022
64,-17.002197,401.55725
64,-18.930511,420.97696
64,-20.222443,442.37045
64,-20.069588,466.05472
64,-19.482727,492.4185
64,-16.322895,521.94385
64,-15.392587,555.2357
64,-12.865106,593.0639
64,-11.843854,636.42346
64,-11.706342,640.4558
64,-13.2238035,566.10254
64,-15.63708,507.21744
64,-16.716305,459.42844
64,-15.196809,419.86917
64,-12.419072,386.58237
64,-11.124349,358.1858
64,-10.79609,354.50522
64,-11.450372,365.67087
64,-12.346847,377.56274
64,-13.403096,390.25406
64,-15.05269,403.82834
64,-17.130512,418.38086
64,-18.832558,434.02148
64,-21.632587,450.87695
64,-22.001122,469.09445
64,-20.449455,488.84613
64,-18.166183,510.33423
64,-14.242871,533.7982
64,-13.448457,559.5239
64,-12.803054,541.0025
64,-14.296941,505.04175
64,-15.864541,473.56366
64,-18.01382,445.7793
64,-17.751297,421.07446
64,-15.191951,398.9641
64,-10.259633,379.05997
64,-8.9516325,361.04742
64,-8.895343,366.82275
64,-10.802209,380.66486
64,-12.284158,395.59262
64,-13.245759,411.73895
64,-15.175897,429.25937
64,-17.715088,448.33716
64,-19.779415,469.18958
64,-18.590397,492.07635
64,-16.782883,517.3104
64,-14.765824,545.2724
64,-12.678025,576.42993
64,-9.995997,611.3641
64,-9.906629,635.5454
64,-9.935126,582.9992
64,-12.151103,538.4784
64,-10.5223875,500.27487
64,-9.154094,467.13306
64,-8.3089075,438.10956
64,-8.003364,412.4816
64,-8.539422,386.0443
64,-9.926429,347.90613
64,-12.191068,316.62592
64,-15.815991,290.5065
64,-18.873146,268.36807
64,-21.234081,249.36485
64,-22.407524,232.87492
64,-22.349648,218.4306
64,-20.133839,205.67348
64,-17.989422,194.32425
64,-14.903394,184.16205
64,-14.279641,175.00989
64,-14.649854,174.93633
64,-16.834408,178.08524
64,-18.410519,181.34958
64,-17.91267,184.73582
64,-16.314835,188.25095
64,-15.801532,191.90242
64,-14.952476,195.69835
64,-15.177751,199.64749
64,-16.3387,203.7593
64,-18.914543,208.04402
64,-22.483723,212.51285
64,-24.567055,217.17784
64,-25.85558,222.05223
64,-25.944496,227.1505
64,-24.150238,232.48833
64,-22.521328,238.08307
64,-20.396183,243.95374
64,-18.642754,250.12125
64,-17.201641,256.60867
64,-17.682812,263.4416
64,-18.548569,270.64838
64,-18.508938,278.26056
64,-17.869576,286.3133
64,-13.414239,294.84604
64,-9.166591,303.90298
64,-7.574069,313.53394
64,-7.468505,325.4017
64,-9.370904,339.04495
64,-11.770623,353.88232
64,-14.54609,370.07776
64,-17.09459,387.8266
64,-18.484291,407.36374
64,-20.205841,428.9737
64,-21.647709,453.0048
64,-21.596,479.88815
64,-17.124554,510.16354
64,-14.071776,544.51624
64,-11.549544,583.82935
64,-8.54857,629.2608
64,-7.5802736,682.3596
64,-7.9332514,661.5662
64,-8.968652,571.82794
64,-12.046008,503.5269
64,-10.500726,449.80115
64,-8.435391,406.43497
64,-7.0889597,370.69556
64,-6.9899073,347.46957
64,-7.6232233,359.56985
64,-9.251523,372.5433
64,-12.236602,386.48795
64,-15.87851,401.51712
64,-19.682625,417.76245
64,-21.061401,435.37778
64,-21.334038,454.54407
64,-17.16927,475.4755
64,-13.418099,498.42776
64,-11.137952,523.7083
64,-9.100823,551.6904
64,-7.838891,582.8315
64,-7.499831,603.9393
64,-8.185456,551.6438
64,-9.931355,507.6832
64,-10.730416,470.2119
64,-9.428771,437.8918
64,-6.117751,409.72903
64,-3.5743685,384.9699
64,-2.6530275,363.03253
64,-3.2274656,368.93488
64,-5.2205534,382.38107
64,-8.085771,396.84445
64,-10.461587,412.445
64,-13.186139,429.32227
64,-15.059438,447.6397
64,-16.555264,467.58994
64,-17.614483,489.40134
64,-11.814038,513.34717
64,-7.747037,539.75684
64,-6.0907965,569.0311
64,-3.455783,601.6631
64,-4.458625,591.5316
64,-4.966895,481.85098
64,-9.768441,406.48193
64,-10.324513,351.50153
64,-9.992436,309.62228
64,-9.11873,276.65997
64,-8.494981,250.04068
64,-8.691199,230.40388
64,-9.693961,234.11806
64,-12.829389,237.95393
64,-16.152794,241.9176
64,-19.419209,246.01558
64,-20.861767,250.25476
64,-21.947006,254.64261
64,-22.486198,259.18704
64,-20.146084,263.89667
64,-18.95758,268.7806
64,-16.603588,273.84872
64,-15.185788,279.11163
64,-14.401971,284.58078
64,-14.840177,290.2686
64,-16.068882,296.18835
64,-17.391655,302.3546
64,-17.78453,308.78308
64,-13.852422,315.49088
64,-10.102286,322.49655
64,-8.273952,329.8204
64,-7.8157244,338.99054
64,-8.799542,350.0764
64,-10.46927,361.91187
64,-12.730992,374.5756
64,-15.239234,388.1577
64,-18.09304,402.76184
64,-20.197403,418.5079
64,-21.42989,435.53522
64,-21.721382,454.00687
64,-21.250877,474.1147
64,-18.915466,496.0862
64,-14.259477,520.1931
64,-11.334672,546.7626
64,-10.406377,573.2111
64,-10.472131,525.6779
64,-12.719205,485.42438
64,-14.540532,450.89716
64,-14.796384,420.95544
64,-12.392682,394.74265
64,-10.035138,371.60303
64,-7.1612654,351.0261
64,-7.034829,339.24445
64,-7.992688,353.77396
64,-11.280892,369.60376
64,-14.523692,386.91656
64,-17.054928,405.93097
64,-19.514778,426.9108
64,-20.902752,450.17746
64,-20.452702,476.1264
64,-20.167736,505.24976
64,-19.477825,538.168
64,-17.413017,575.6747
64,-14.404998,618.8009
64,-12.198201,668.91187
64,-11.190293,727.8541
64,-11.786801,653.8597
64,-12.770616,574.383
64,-14.572513,512.1332
64,-12.674277,462.05695
64,-9.724963,420.90128
64,-8.7532625,386.4775
64,-8.27506,385.67505
64,-9.337853,395.88052
64,-10.97244,406.64084
64,-12.285256,418.0024
64,-16.950882,430.01712
64,-19.490295,442.74295
64,-21.444748,456.24493
64,-21.904957,470.59637
64,-20.65989,485.88
64,-15.152989,502.1897
64,-8.294873,519.6323
64,-7.2025557,538.33026
64,-6.6813803,517.70685
64,-9.368243,492.50198
64,-11.342132,469.63742
64,-12.816806,448.80167
64,-13.953698,429.73615
64,-11.838441,412.22443
64,-6.3074465,396.08405
64,-5.287036,381.16
64,-5.047059,380.57956
64,-6.657155,392.24286
64,-9.920617,404.6436
64,-12.092023,417.85403
64,-13.944528,431.95615
64,-16.350716,447.0434
64,-18.250984,463.22272
64,-19.0951,480.6171
64,-18.681015,499.36877
64,-14.513156,519.6431
64,-7.012727,541.63336
64,-5.2178698,565.56714
64,-4.7866983,550.66034
64,-6.315852,505.41348
64,-8.426042,467.0377
64,-9.803805,434.07837
64,-10.705499,405.4644
64,-8.515773,380.3895
64,-5.3912477,358.23532
64,-4.2707663,338.5197
64,-4.5118647,341.51367
64,-6.1342726,352.84918
64,-9.819358,364.96304
64,-12.544663,377.93826
64,-15.337647,391.87006
64,-17.628105,406.8683
64,-19.936913,423.0603
64,-20.566284,440.59454
64,-19.383835,459.64502
64,-16.253578,480.4174
64,-9.2331,503.1561
64,-5.2304583,528.15424
64,-3.2155857,555.76624
64,-3.0905657,567.2291
64,-3.912366,525.58624
64,-6.634904,489.6396
64,-8.2886095,458.29517
64,-7.595174,430.72238
64,-6.4436407,406.27905
64,-3.1688395,384.46106
64,-2.288351,364.86697
64,-1.826767,361.54108
64,-3.341115,375.73944
64,-6.195384,391.0986
64,-9.346183,407.76694
64,-11.886584,425.9193
64,-13.009105,445.76315
64,-15.432258,467.54642
64,-16.943668,491.56805
64,-17.77972,518.1918
64,-12.474893,547.8645
64,-9.082873,581.1419
64,-7.0309916,618.7233
64,-6.0791807,661.5014
64,-5.944051,598.071
64,-7.0664606,526.8873
64,-8.769383,470.84622
64,-10.641526,425.58038
64,-8.039737,388.25467
64,-6.454856,356.9484
64,-5.1894045,333.66
64,-6.1973696,345.58575
64,-7.39141,358.39557
64,-9.921304,372.19156
64,-12.025315,387.09225
64,-14.841342,403.23578
64,-17.822506,420.78445
64,-19.773293,439.93
64,-21.598907,460.90082
64,-12.010392,483.97104
64,-10.818952,509.4725
64,-9.717092,537.8109
64,-6.6066046,569.4875
64,-5.733392,605.1291
64,-5.480685,585.49335
64,-7.770875,529.9614
64,-10.068372,484.051
64,-11.559909,445.46082
64,-10.786187,412.56937
64,-8.532664,384.2012
64,-6.916251,359.4832
64,-6.5293474,338.66937
64,-7.015275,321.8111
64,-8.117036,306.55157
64,-9.42904,292.6737
64,-11.122098,279.99792
64,-13.4176855,268.37454
64,-16.192982,257.67773
64,-18.480862,247.80092
64,-14.693856,238.65334
64,-13.403409,230.15707
64,-12.758821,222.24498
64,-10.75999,214.85876
64,-10.1795225,207.94772
64,-9.73552,203.14494
64,-10.911096,202.98332
64,-12.489608,202.82196
64,-12.942483,202.66084
64,-11.927918,202.5
64,-11.146005,202.3394
64,-11.342603,202.17906
64,-12.428361,202.01897
64,-14.034593,201.85913
64,-16.345379,201.69955
64,-17.941158,201.54022
64,-20.661594,201.38115
64,-23.33237,201.22232
64,-24.676197,201.06372
64,-25.626236,200.9054
64,-23.313957,200.74731
64,-19.932533,200.5895
64,-18.210217,200.4319
64,-17.606243,200.27457
64,-17.698711,200.11748
64,-17.362202,199.96065
64,-16.049389,199.80405
64,-16.033749,199.79146
64,-16.625942,200.79082
64,-19.254135,201.80026
64,-21.341679,202.8199
64,-23.11539,203.84988
64,-24.742115,204.8904
64,-27.0849,205.94157
64,-30.172352,207.00359
64,-30.722988,208.07661
64,-29.303265,209.16084
64,-27.184883,210.25641
64,-24.759441,211.36353
64,-23.610603,212.48236
64,-21.930275,213.6131
64,-21.017105,214.75592
64,-20.675667,215.91106
64,-21.590065,217.07869
64,-22.996658,218.25902
64,-23.879395,219.45226
64,-22.3582,220.6586
64,-17.449074,221.8783
64,-14.158294,223.11151
64,-13.003503,224.35855
64,-12.259898,227.3532
64,-13.547799,231.69571
64,-14.823609,236.20738
64,-17.92685,240.89825
64,-19.66362,245.77919
64,-20.7667,250.86201
64,-21.69873,256.15952
64,-22.530651,261.68558
64,-22.147282,267.4553
64,-19.025913,273.4852
64,-17.266521,279.79327
64,-15.739831,286.3992
64,-14.394795,293.32462
64,-14.332749,300.59323
64,-14.538152,308.2313
64,-15.8775835,316.26758
64,-16.473618,324.73416
64,-15.290034,333.6665
64,-13.664304,343.10413
64,-12.4694605,353.09122
64,-12.044093,365.64285
64,-12.4295,380.68665
64,-13.509133,397.02142
64,-14.872996,414.82092
64,-17.293175,434.29132
64,-20.57848,455.6794
64,-23.645008,479.28336
64,-24.058838,505.4662
64,-22.918,534.67505
64,-20.398132,567.4667
64,-17.040897,604.5433
64,-13.919242,646.8036
64,-13.047948,695.41626
64,-13.471019,540.55884
64,-15.688918,440.98752
64,-17.14127,372.39258
64,-16.543255,322.26477
64,-13.401177,284.03128
64,-12.252179,253.90765
64,-12.192121,240.98172
64,-13.798776,239.63663
64,-17.085407,238.30644
64,-19.89664,236.99095
64,-22.819233,235.68993
64,-23.9744,234.40306
64,-24.259819,233.13022
64,-23.431095,231.87111
64,-21.335003,230.6255
64,-20.004654,229.39325
64,-19.223598,228.17406
64,-18.776485,226.96777
64,-19.424767,225.77419
64,-20.39634,224.59306
64,-20.116215,223.42426
64,-18.064388,222.26755
64,-14.326837,221.12274
64,-11.421723,219.98969
64,-10.284236,218.86818
64,-10.09409,222.2681
64,-10.894973,226.27686
64,-12.204146,230.43286
64,-13.863126,234.7444
64,-17.909225,239.22037
64,-20.487404,243.87033
64,-23.243763,248.70465
64,-23.936829,253.73451
64,-23.264503,258.97205
64,-20.951538,264.43033
64,-18.971012,270.12366
64,-16.626537,276.06754
64,-15.09863,282.27887
64,-14.910657,288.77618
64,-15.906283,295.57962
64,-17.753017,302.71136
64,-18.356327,310.19577
64,-16.621075,318.05966
64,-12.245984,326.33264
64,-10.784986,335.0475
64,-9.637454,345.6739
64,-9.356086,360.07883
64,-10.370624,375.73654
64,-11.584355,392.8179
64,-15.170207,411.52628
64,-17.544292,432.10577
64,-19.937431,454.85184
64,-19.735653,480.12576
64,-19.108982,508.3736
64,-17.092365,540.1531
64,-14.3565035,576.1707
64,-10.559905,617.3349
64,-7.2256117,664.8335
64,-6.7480364,679.29407
64,-6.5732203,514.10675
64,-9.902587,413.54337
64,-10.548951,345.88538
64,-10.69901,297.25314
64,-5.497216,260.61072
64,-4.889186,232.0107
64,-4.9172754,231.70665
64,-8.909493,237.01811
64,-12.549729,242.57881
64,-15.54696,248.40671
64,-17.96149,254.52151
64,-19.017857,260.94495
64,-19.402733,267.70105
64,-19.711933,274.81625
64,-17.87614,282.32
64,-16.970669,290.24506
64,-15.37246,298.6279
64,-15.155896,307.50934
64,-15.623878,316.93524
64,-17.128983,326.9573
64,-19.073513,337.63388
64,-18.308819,349.0313
64,-16.25943,361.22504
64,-14.865329,374.30164
64,-13.728538,388.36053
64,-13.685786,403.13977
64,-14.493192,410.0458
64,-16.822063,417.1926
64,-20.63087,424.59293
64,-23.610306,432.26053
64,-26.109932,440.2102
64,-25.893585,448.4577
64,-24.166096,457.02017
64,-22.149426,465.91595
64,-19.446556,475.16492
64,-11.947398,484.78854
64,-10.829322,494.81003
64,-9.485486,479.25238
64,-10.124814,461.26123
64,-10.824754,444.5719
64,-11.226968,429.0482
64,-17.079636,414.57196
64,-14.724364,401.04077
64,-10.027783,388.36493
64,-5.5704813,376.46582
64,-4.723832,365.2742
64,-4.8276396,374.04398
64,-7.399802,388.61258
64,-9.679828,404.36206
64,-12.806043,421.442
64,-15.041242,440.0285
64,-16.979836,460.33
64,-17.921303,482.59543
64,-17.790802,507.12424
64,-11.276576,534.27997
64,-9.216954,564.50854
64,-7.5463514,598.36285
64,-7.297408,636.53674
64,-6.8128557,602.87024
64,-8.090938,495.62967
64,-10.384236,420.77997
64,-11.037515,365.5715
64,-9.220328,323.17
64,-7.2764006,289.58224
64,-5.995803,262.3189
64,-5.761279,254.91284
64,-6.8567743,258.23135
64,-9.164756,261.6374
64,-12.312064,265.13446
64,-15.384038,268.72632
64,-17.553986,272.4168
64,-19.411476,276.21008
64,-20.241364,280.11047
64,-20.271126,284.12262
64,-18.719944,288.25134
64,-15.402148,292.50186
64,-14.886666,296.8796
64,-15.0208235,301.39035
64,-17.701096,306.0403
64,-18.283073,310.83603
64,-9.700515,315.7844
64,-6.675809,320.89285
64,-5.2592325,326.16934
64,-4.9413805,335.2527
64,-7.42583,345.73654
64,-9.442897,356.89725
64,-10.647489,368.80258
64,-12.449004,381.52957
64,-14.373399,395.16632
64,-17.482147,409.81406
64,-19.48462,425.58948
64,-21.320541,442.62808
64,-22.12407,461.08786
64,-20.269062,481.15436
64,-15.796937,503.0469
64,-13.8808775,527.0267
64,-13.060964,549.55554
64,-14.248073,516.2566
64,-15.885236,486.76242
64,-18.025505,460.45612
64,-16.661411,436.84747
64,-15.317939,415.54166
64,-9.481624,396.21744
64,-5.247258,378.61066
64,-4.26801,362.50204
64,-4.404689,374.54044
64,-5.535672,390.69128
64,-6.8100424,408.2978
64,-8.017306,427.56604
64,-12.349689,448.74295
64,-14.742959,472.12695
64,-17.219398,498.082
64,-17.542568,527.0568
64,-16.463078,559.61096
64,-13.675668,596.4513
64,-10.628232,638.484
64,-8.906352,686.8901
64,-8.712613,677.18634
64,-9.589082,600.903
64,-11.9830065,540.0659
64,-13.3119135,490.41498
64,-6.893279,449.1247
64,-3.9577723,414.24734
64,-3.4777594,390.3273
64,-4.248908,397.93286
64,-8.514295,405.8407
64,-10.326783,414.06918
64,-11.79569,422.63828
64,-14.239898,431.56955
64,-16.860062,440.8864
64,-19.382545,450.6144
64,-20.512943,460.7814
64,-16.014557,471.41776
64,-6.4756327,482.5568
64,-5.310136,494.23495
64,-4.984275,483.0973
64,-8.269317,458.7258
64,-11.918801,436.6952
64,-14.761548,416.68372
64,-15.397626,398.42587
64,-14.673272,381.70093
64,-9.382066,366.32352
64,-4.8458014,352.13718
64,-2.8025637,339.0086
64,-2.9752188,339.85052
64,-4.01974,350.66223
64,-6.949998,362.18448
64,-8.951776,374.4896
64,-12.3942,387.66028
64,-14.617982,401.79114
64,-16.771484,416.99118
64,-17.226967,433.38644
64,-17.29694,451.12378
64,-17.135597,470.37494
64,-15.539126,491.34238
64,-11.256387,514.26636
64,-9.288947,539.434
64,-8.864524,560.331
64,-9.954532,526.2756
64,-11.455571,496.12253
64,-13.284436,469.23746
64,-14.049153,445.11646
64,-10.377469,423.3541
64,-6.7008314,403.6205
64,-4.046548,385.64462
64,-3.581767,372.8277
64,-4.1621485,385.78918
64,-6.4208574,399.68436
64,-8.669778,414.61786
64,-10.862409,430.71063
64,-13.513724,448.10303
64,-15.810651,466.95917
64,-16.770126,487.47195
64,-16.757515,509.86978
64,-14.066939,534.4249
64,-10.968953,561.46484
64,-7.707574,591.38684
64,-6.8338842,623.6061
64,-7.374852,511.88043
64,-8.964641,434.10574
64,-11.035361,376.84784
64,-12.430905,332.9343
64,-14.298512,298.18698
64,-11.783565,270.00717
64,-11.523484,246.69368
64,-11.588695,245.50218
64,-14.8689165,249.35329
64,-17.812927,253.32713
64,-20.209171,257.4297
64,-22.376411,261.66733
64,-22.535782,266.0468
64,-21.26184,270.57538
64,-19.98251,275.26077
64,-19.149559,280.11133
64,-18.795105,285.1359
64,-18.172173,290.344
64,-16.913849,295.74588
64,-16.622322,301.3526
64,-16.647987,307.17603
64,-18.042725,313.2289
64,-16.3026,319.52518
64,-11.095729,326.07974
64,-8.787278,332.90884
64,-7.956792,341.17987
64,-7.6064234,353.6772
64,-8.409846,367.1248
64,-9.825883,381.6355
64,-12.16767,397.34045
64,-17.268719,414.3935
64,-19.389633,432.97586
64,-20.223186,453.3031
64,-20.407814,475.63297
64,-19.442715,500.27676
64,-18.03373,527.61383
64,-13.67376,558.11127
64,-10.68123,592.3505
64,-9.628226,631.0655
64,-9.963609,579.6287
64,-11.710849,531.55383
64,-12.478633,490.84296
64,-11.756213,455.9244
64,-9.8861,425.6441
64,-5.036151,399.1354
64,-4.363305,375.73505
64,-3.4832315,384.17065
64,-5.330222,399.5277
64,-6.7288465,416.1637
64,-8.759618,434.24527
64,-14.132045,453.9694
64,-15.977239,475.57062
64,-18.048664,499.3303
64,-18.287922,525.5888
64,-17.877506,554.76245
64,-10.334657,587.36505
64,-4.649354,624.03894
64,-3.5895948,665.5974
64,-2.8071213,605.4449
64,-5.68629,530.3788
64,-7.4429197,471.87354
64,-10.4577265,424.9932
64,-6.93501,386.58612
64,-4.7248106,354.54547
64,-4.058774,330.94153
64,-4.5864706,341.35828
64,-8.275567,352.45212
64,-10.801539,364.29126
64,-12.3779955,376.95343
64,-13.599767,390.52753
64,-17.22142,405.11575
64,-19.464252,420.83618
64,-19.918442,437.8259
64,-19.829094,456.24506
64,-15.467904,476.2821
64,-12.714713,498.15997
64,-7.9413424,522.1445
64,-6.309598,548.55536
64,-6.0435247,544.9594
64,-7.4805727,507.88934
64,-11.070178,475.54135
64,-12.525582,447.06717
64,-12.156318,421.81024
64,-8.822818,399.2545
64,-4.8974466,378.98856
64,-3.1770506,360.68066
64,-2.8781166,358.3191
64,-4.6019983,372.52164
64,-7.391755,387.89648
64,-11.285207,404.5951
64,-14.1086035,422.7961
64,-16.569683,442.71182
64,-17.99363,464.5966
64,-15.906177,488.7575
64,-13.493119,515.5692
64,-12.336867,545.4933
64,-8.041911,579.105
64,-3.841876,617.1308
64,-2.364129,660.50134
64,-2.6495924,616.63983
64,-4.7089796,548.0688
64,-7.802081,493.22192
64,-8.181767,448.35385
64,-5.145833,410.96835
64,-2.4722137,379.33768
64,-2.0159016,351.02075
64,-2.5198984,292.45535
64,-5.410222,250.63809
64,-8.187615,219.28345
64,-10.957274,194.90143
64,-13.728366,175.39891
64,-15.615088,159.44435
64,-17.726128,146.15028
64,-18.190838,134.90247
64,-15.158803,125.26221
64,-13.499711,116.90785
64,-7.901536,109.59821
64,-6.1475534,103.14885
64,-5.85312,99.25522
64,-7.069537,100.46257
64,-9.901029,101.699646
64,-10.959168,102.967575
64,-10.518268,104.26751
64,-9.917064,105.600685
64,-9.496568,106.96841
64,-9.595525,108.37202
64,-9.984557,109.81296
64,-10.901153,111.29272
64,-11.63281,112.812904
64,-14.36509,114.37521
64,-16.588215,115.981384
64,-19.043587,117.63332
64,-21.638184,119.33299
64,-22.003326,121.0825
64,-20.555115,122.884056
64,-19.0271,124.74004
64,-18.097996,126.652954
64,-16.321613,128.62546
64,-15.824914,130.66035
64,-15.994174,132.76068
64,-17.46737,134.92964
64,-17.763165,137.17064
64,-17.213531,139.48734
64,-17.1459,141.88364
64,-17.929516,144.3637
64,-20.756824,146.932
64,-22.775295,149.59337
64,-25.914986,152.3529
64,-27.552528,155.21616
64,-28.676811,158.1891
64,-28.49905,161.27817
64,-28.234165,164.49026
64,-26.968506,167.83292
64,-23.737339,171.31422
64,-22.523602,174.94302
64,-22.30223,178.7289
64,-23.353474,182.68224
64,-26.409176,186.81444
64,-27.679108,191.13788
64,-23.716663,195.66618
64,-20.084503,200.41426
64,-17.685085,205.39851
64,-16.628357,210.63698
64,-16.252438,216.14966
64,-17.542992,220.36597
64,-19.023464,224.30708
64,-22.528511,228.39172
64,-24.654999,232.62788
64,-25.913952,237.02415
64,-28.21273,241.5898
64,-26.514484,246.3348
64,-23.084213,251.2699
64,-21.25106,256.4068
64,-18.527878,261.75812
64,-16.855267,267.33755
64,-16.014153,273.16006
64,-16.324142,279.2418
64,-16.708939,285.60052
64,-17.47963,292.25558
64,-18.264889,299.2282
64,-18.719917,306.54166
64,-15.665532,314.2216
64,-10.705434,322.2962
64,-7.6599436,330.79675
64,-6.7769938,340.20752
64,-7.2415724,355.42343
64,-9.8201,372.06415
64,-12.579751,390.33966
64,-14.794293,410.5032
64,-18.124054,432.8634
64,-19.801064,457.7999
64,-20.899597,485.78506
64,-19.338795,517.4145
64,-17.973385,553.4495
64,-17.632526,594.8796
64,-16.119411,643.0142
64,-13.8066435,699.6243
64,-12.83356,767.1644
64,-13.330632,660.82495
64,-15.596955,554.92096
64,-17.374443,478.2728
64,-16.486328,420.2289
64,-14.409997,374.74887
64,-13.91459,340.56082
64,-14.140367,354.68204
64,-17.00233,370.02505
64,-19.784798,386.75543
64,-22.935162,405.0704
64,-24.806946,425.2062
64,-24.926876,447.44867
64,-24.31026,472.14648
64,-22.534847,499.7301
64,-15.621259,530.73663
64,-14.399442,565.84546
64,-13.016322,605.9283
64,-12.851359,652.12274
64,-12.993876,705.94196
64,-13.743464,616.1333
64,-15.028655,524.9625
64,-17.57191,457.29535
64,-13.899568,405.08087
64,-7.3930216,363.5682
64,-5.6874857,329.7731
64,-5.052865,321.33545
64,-6.8192225,331.50858
64,-9.144919,342.3469
64,-11.659846,353.91785
64,-14.432872,366.29837
64,-17.313473,379.57645
64,-20.236797,393.85336
64,-21.573792,409.24628
64,-20.608303,425.89127
64,-18.879936,443.9477
64,-16.351963,463.60297
64,-14.026879,485.07925
64,-11.247106,508.642
64,-10.1401205,534.6108
64,-9.687551,543.8739
64,-10.919526,511.71835
64,-12.114755,483.15286
64,-13.484391,457.6079
64,-12.031093,434.62854
64,-9.323182,413.8467
64,-6.250972,394.96155
64,-4.569209,377.7247
64,-4.118268,367.32016
64,-5.127694,381.96573
64,-7.4673243,397.8277
64,-11.059367,415.0641
64,-13.415618,433.8618
64,-15.366073,454.4428
64,-17.372375,477.07373
64,-15.748391,502.07678
64,-14.885667,529.8455
64,-12.648761,560.8658
64,-10.7609415,595.74414
64,-8.036386,635.2481
64,-7.3247614,680.3631
64,-7.351882,613.84753
64,-8.868875,544.6606
64,-8.650203,489.49
64,-7.5680513,444.46826
64,-4.032691,407.03085
64,-2.4207115,375.41016
64,-2.3177195,360.71317
64,-3.2482138,376.46982
64,-6.322234,393.66592
64,-8.775674,412.50818
64,-10.245547,433.24478
64,-13.6409235,456.17657
64,-15.352239,481.67163
64,-16.848293,510.18518
64,-16.43415,542.2869
64,-11.21024,578.69977
64,-9.170758,620.35455
64,-5.310275,668.4711
64,-4.122241,724.67944
64,-4.3940134,683.7505
64,-6.18596,608.7099
64,-9.394099,548.51166
64,-6.990735,499.14844
64,-3.2941847,457.93652
64,-1.3583717,423.01083
64,-1.217658,416.95468
64,-3.426484,425.89697
64,-7.70037,435.2312
64,-10.383571,444.98376
64,-12.524154,455.1834
64,-15.222768,465.8616
64,-17.638813,477.05286
64,-20.340767,488.795
64,-16.94883,501.1298
64,-11.634786,514.1032
64,-10.454587,527.7663
64,-10.007409,507.53934
64,-10.514901,476.0651
64,-10.216195,448.26654
64,-10.551137,423.5353
64,-12.254823,401.3903
64,-14.216134,381.44598
64,-6.635289,363.38983
64,-4.3073416,346.9658
64,-3.4897242,338.22925
64,-4.683997,350.46432
64,-7.723428,363.6178
64,-10.413823,377.79712
64,-12.890336,393.12717
64,-15.117166,409.75394
64,-17.538868,427.8492
64,-19.105766,447.61658
64,-20.943909,469.29898
64,-19.515923,493.18893
64,-17.842354,519.6416
64,-15.277402,549.09265
64,-12.064076,582.08264
64,-11.520259,619.2901
64,-11.378423,583.19763
64,-12.879594,538.16187
64,-13.865167,499.583
64,-14.368676,466.1653
64,-13.602113,436.93802
64,-10.92225,411.15945
64,-9.809762,388.25317
64,-9.443786,384.0842
64,-10.023572,389.66617
64,-11.53658,395.41275
64,-12.993569,401.3314
64,-16.702171,407.4299
64,-19.029797,413.71658
64,-21.767353,420.20038
64,-23.222607,426.8906
64,-22.528248,433.79727
64,-16.015602,440.93118
64,-13.225995,448.3036
64,-11.737103,455.92673
64,-11.283288,446.84286
64,-11.653972,434.58948
64,-12.821122,422.9902
64,-13.386201,411.994
64,-15.789067,401.55505
64,-15.690846,391.632
64,-13.605687,382.18756
64,-9.803994,373.1879
64,-7.690112,364.60236
64,-6.6213045,356.40295
64,-7.4071455,367.86084
64,-9.258582,380.6024
64,-11.657872,394.2582
64,-14.252671,408.93048
64,-16.320393,424.737
64,-19.598156,441.8146
64,-20.431679,460.323
64,-19.254745,480.44995
64,-15.952533,502.41736
64,-12.893989,526.4899
64,-10.8763,552.9853
64,-9.426475,582.28876
64,-9.406276,587.19293
64,-10.539878,544.95044
64,-12.248666,508.37796
64,-13.609252,476.40558
64,-13.206088,448.2168
64,-12.712895,423.1775
64,-11.153489,400.7878
64,-10.757747,380.64825
64,-10.967961,387.57068
64,-13.011891,398.42896
64,-14.839232,409.9132
64,-16.689434,422.07907
64,-18.627552,434.98923
64,-19.797897,448.71408
64,-21.739681,463.33325
64,-20.231663,478.93707
64,-18.388504,495.62857
64,-16.377655,513.52545
64,-14.474158,532.76324
64,-14.083055,553.49854
64,-14.592727,532.07434
64,-16.490467,512.01086
64,-15.3945875,493.40555
64,-13.877156,476.10495
64,-12.483327,459.9765
64,-11.156352,444.90497
64,-9.766168,430.78973
64,-9.576081,417.54266
64,-10.585786,424.44696
64,-13.847182,434.86407
64,-18.937355,445.80542
64,-21.22837,457.31152
64,-21.938698,469.42728
64,-22.316105,482.20248
64,-22.099754,495.6925
64,-21.115913,509.95905
64,-17.822025,525.0711
64,-14.41406,541.1062
64,-13.925401,555.6456
64,-13.299754,518.68353
64,-16.050243,486.33218
64,-16.953968,457.77954
64,-18.61406,432.39365
64,-16.113304,409.67538
64,-12.757997,389.2252
64,-10.922172,370.71957
64,-10.182233,353.8938
64,-9.389024,365.532
64,-10.587306,378.91788
64,-11.666932,393.32144
64,-13.33558,408.86328
64,-16.530396,425.68393
64,-18.792198,443.94794
64,-22.206264,463.84946
64,-22.16668,485.61902
64,-20.198063,509.5326
64,-18.44418,535.92334
64,-14.017444,565.19714
64,-11.666902,597.8538
64,-10.948405,612.1646
64,-11.156133,562.0547
64,-11.7573595,519.5277
64,-12.609485,482.98355
64,-12.335729,451.2426
64,-11.020333,423.41632
64,-8.703156,398.8226
64,-7.9477434,378.17215
64,-8.675162,387.11285
64,-11.453326,396.48654
64,-14.531976,406.3255
64,-17.66817,416.66516
64,-19.359898,427.5448
64,-20.12896,439.00787
64,-21.087814,451.1025
64,-20.549503,463.88242
64,-19.495064,477.40762
64,-16.145023,491.74518
64,-13.937036,506.97055
64,-13.431855,516.9104
64,-14.041297,487.84705
64,-15.086247,461.8779
64,-16.701801,438.53375
64,-15.027186,417.43585
64,-12.894826,398.27475
64,-10.523564,380.79556
64,-8.593694,364.78607
64,-7.8382235,350.06842
64,-8.007533,350.31503
64,-9.728139,365.9878
64,-12.578826,383.12863
64,-16.160591,401.95395
64,-19.76001,422.7248
64,-22.183952,445.7593
64,-23.008724,471.4488
64,-22.991997,500.2804
64,-18.687172,532.8681
64,-17.14698,569.99713
64,-15.59854,612.68774
64,-10.411645,662.29083
64,-9.331983,720.6331
64,-9.093337,706.77405
64,-10.834477,591.8826
64,-13.560473,509.1212
64,-12.292399,446.66516
64,-9.422952,397.8582
64,-7.6790133,358.66678
64,-7.5827475,345.97952
64,-8.62469,356.88354
64,-9.821618,368.49725
64,-11.131255,380.89224
64,-12.271264,394.15012
64,-17.397007,408.3642
64,-19.657364,423.64185
64,-20.376194,440.10706
64,-19.931087,457.90387
64,-18.737335,477.20065
64,-15.4396715,498.19537
64,-6.5295973,521.1225
64,-4.906747,546.2616
64,-4.2133856,539.411
64,-6.6193132,462.01437
64,-8.650916,404.0411
64,-12.139493,358.9947
64,-12.3548765,322.98514
64,-10.544017,293.54108
64,-8.36514,269.01685
64,-6.8500357,248.27448
64,-7.3709555,237.66321
64,-8.85609,242.73074
64,-12.075427,248.01909
64,-15.409503,253.54298
64,-18.056534,259.31854
64,-19.89346,265.36337
64,-21.27924,271.69675
64,-20.338001,278.3398
64,-18.198544,285.3159
64,-15.313214,292.6506
64,-14.235536,300.37244
64,-14.079625,308.51276
64,-12.0158205,317.10663
64,-12.446942,326.19296
64,-12.259595,335.81537
64,-13.73924,346.0228
64,-13.370145,356.87015
64,-9.732675,368.41962
64,-8.444299,380.74167
64,-7.5744677,392.574
64,-8.771338,401.2322
64,-11.095571,410.28098
64,-14.70386,419.7473
64,-18.700375,429.66077
64,-20.031807,440.0538
64,-20.703163,450.9621
64,-20.716297,462.425
64,-20.492897,474.48578
64,-16.061386,487.19257
64,-13.051423,500.59863
64,-11.594674,514.7634
64,-11.492324,502.4824
64,-12.517903,482.0768
64,-13.707282,463.2639
64,-14.560029,445.86417
64,-15.158523,429.72412
64,-12.196412,414.7118
64,-6.967719,400.71298
64,-5.018733,387.62836
64,-3.4177485,376.54086
64,-3.6817636,384.52377
64,-4.4113016,392.8525
64,-6.6072607,401.55002
64,-9.380689,410.64136
64,-13.175153,420.1539
64,-15.286822,430.1176
64,-16.622475,440.56537
64,-17.037682,451.53333
64,-14.626277,463.06134
64,-9.743506,475.19342
64,-6.490615,487.97827
64,-5.8825617,497.43076
64,-5.9421377,469.9414
64,-8.636794,445.33118
64,-9.617026,423.17035
64,-10.400149,403.11047
64,-10.713737,384.8664
64,-8.632375,368.2022
64,-5.0904245,352.92117
64,-2.2399797,338.85797
64,-1.7580614,328.21082
64,-2.2114248,340.28046
64,-5.3902807,353.27167
64,-8.151998,367.29425
64,-11.256804,382.47604
64,-13.766597,398.967
64,-16.171383,416.94412
64,-17.820728,436.6177
64,-17.648643,458.23987
64,-16.50306,482.11517
64,-13.416278,508.6151
64,-11.344834,538.1977
64,-9.291257,571.43396
64,-7.233432,609.0454
64,-7.266883,609.4146
64,-7.98989,540.93604
64,-10.490727,486.29245
64,-11.106868,441.67578
64,-10.149379,404.55814
64,-6.7359266,373.19543
64,-4.6293135,346.3456
64,-4.0562353,333.47873
64,-4.455426,350.6166
64,-5.9037466,369.61136
64,-7.5044374,390.78214
64,-9.754529,414.52548
64,-14.207673,441.34067
64,-16.630138,471.86514
64,-18.900436,506.92566
64,-19.08009,547.6145
64,-14.903581,595.4052
64,-11.864572,652.33496
64,-9.082858,721.3025
64,-5.0865316,806.57697
64,-3.8249617,914.71765
64,-3.6503954,760.4107
64,-5.269765,560.49414
64,-6.0873957,443.81302
64,-5.784646,367.34152
64,-4.760188,313.3496
64,-4.827964,305.61288
64,-4.8217173,300.32184
64,-5.4553995,295.21088
64,-6.5252333,290.27097
64,-9.299321,285.49365
64,-12.4007845,280.87106
64,-15.114366,276.39578
64,-17.833256,272.06085
64,-18.54121,267.85983
64,-17.939335,263.78656
64,-16.643925,259.83533
64,-14.379914,256.0007
64,-10.359639,252.27762
64,-8.2930155,248.66129
64,-8.046731,248.89119
64,-8.843646,253.59868
64,-10.578397,258.48767
64,-11.214908,263.56888
64,-11.412477,268.85385
64,-11.650582,274.35513
64,-11.030732,280.08624
64,-11.680963,286.0619
64,-12.356374,292.29807
64,-13.932548,298.8122
64,-15.626431,305.62332
64,-17.375267,312.75217
64,-21.490307,320.22153
64,-23.111256,328.0564
64,-22.3592,336.28427
64,-20.894543,344.93552
64,-14.491025,354.0436
64,-12.896388,363.64578
64,-12.361243,372.06357
64,-11.922635,374.90588
64,-13.947541,377.79193
64,-14.625367,380.72278
64,-16.626476,383.69946
64,-18.844006,386.72305
64,-19.61203,389.79468
64,-16.074604,392.91547
64,-9.519637,396.08667
64,-7.552829,399.30945
64,-6.669942,402.5851
64,-5.6324453,405.91495
64,-6.302779,404.10684
64,-7.206218,365.8553
64,-12.192275,334.2191
64,-15.820298,307.6187
64,-17.424866,284.94043
64,-18.146748,265.3763
64,-18.453316,248.32617
64,-17.499134,233.33467
64,-16.818882,220.05017
64,-12.660951,208.19685
64,-9.195714,197.55528
64,-8.448804,188.97163
64,-7.6841745,189.27301
64,-9.229409,189.57536
64,-9.58767,189.8787
64,-10.839656,190.18297
64,-12.810302,190.48825
64,-14.230855,190.79451
64,-15.842107,191.10175
64,-17.015625,191.40997
64,-20.010666,191.7192
64,-23.58054,192.02943
64,-25.193123,192.34065
64,-25.258835,192.6529
64,-24.205471,192.96616
64,-21.760185,193.28043
64,-19.851955,193.59573
64,-18.201279,193.91208
64,-16.537651,194.22943
64,-16.29823,194.54785
64,-16.426876,194.86731
64,-16.885841,195.18782
64,-16.913761,195.50937
64,-16.133953,195.832
64,-15.084229,196.15569
64,-14.661536,196.87958
64,-14.896241,198.5972
64,-15.284627,200.34506
64,-16.409039,202.12395
64,-17.47937,203.93471
64,-20.1259,205.77821
64,-20.628227,207.65536
64,-22.358463,209.56706
64,-22.10252,211.51428
64,-23.018253,213.49803
64,-21.749352,215.51936
64,-20.42551,217.57932
64,-17.425,219.67902
64,-16.448318,221.81964
64,-14.7072935,224.0024
64,-14.394107,226.22856
64,-14.807841,228.4994
64,-15.863706,230.81628
64,-17.217613,233.18063
64,-15.729411,235.59395
64,-11.496835,238.05771
64,-9.967385,240.57355
64,-8.277976,243.14314
64,-8.934016,244.20935
64,-9.672534,242.72485
64,-11.657966,241.2583
64,-13.80639,239.80936
64,-15.775941,238.37772
64,-19.26664,236.96306
64,-20.378693,235.56511
64,-20.969551,234.18355
64,-19.350426,232.8181
64,-17.640404,231.46849
64,-15.160848,230.13443
64,-13.579185,228.81566
64,-12.909104,227.51192
64,-12.884515,226.22295
64,-12.915702,224.9485
64,-12.968087,223.68834
64,-9.808499,222.44221
64,-8.721879,221.20988
64,-7.617814,219.99115
64,-8.331704,223.44104
64,-10.653199,227.03952
64,-14.251714,230.75578
64,-17.618996,234.59573
64,-19.187286,238.56567
64,-20.846909,242.67227
64,-21.07394,246.92271
64,-21.383266,251.32472
64,-20.455582,255.88652
64,-19.17516,260.61697
64,-16.77509,265.52563
64,-15.753266,270.62274
64,-15.11642,275.9194
64,-16.134785,281.42752
64,-15.846971,287.16
64,-14.863187,293.13092
64,-13.178832,299.3554
64,-10.691733,305.84995
64,-9.002719,312.63254
64,-7.7727747,319.72278
64,-7.4420958,329.81647
64,-7.824544,343.07587
64,-9.331273,357.44604
64,-11.44872,373.07266
64,-15.315816,390.12808
64,-17.813145,408.81757
64,-19.019218,429.3879
64,-21.003273,452.13797
64,-21.485966,477.43356
64,-18.791824,505.72736
64,-15.83254,537.5859
64,-12.973235,573.72815
64,-11.13724,615.08044
64,-10.234845,662.8568
64,-10.904878,619.5611
64,-11.626792,537.0088
64,-13.901998,473.86902
64,-13.828912,424.01474
64,-9.395204,383.65192
64,-6.988597,350.30557
64,-5.8134546,323.3505
64,-5.841462,338.0042
64,-7.3968554,354.04907
64,-9.102675,371.69315
64,-12.484069,391.18805
64,-15.645497,412.84116
64,-18.282902,437.03177
64,-19.022018,464.23373
64,-18.178585,495.04672
64,-16.215199,530.2409
64,-13.815883,570.8221
64,-11.682946,618.12976
64,-8.740247,673.98737
64,-6.152955,740.9431
64,-5.8903646,797.51544
64,-6.051095,654.12225
64,-10.059144,554.43494
64,-9.617183,481.11383
64,-5.3085814,424.92038
64,-3.6108656,380.4807
64,-3.545165,369.7589
64,-4.898654,380.36118
64,-7.298259,391.5894
64,-9.776303,403.5007
64,-13.77175,416.15933
64,-16.18443,429.63797
64,-18.163094,444.01892
64,-19.279453,459.396
64,-19.081474,475.87625
64,-16.997158,493.58298
64,-7.306014,512.6583
64,-4.605714,533.2673
64,-4.1359415,542.1157
64,-5.3007727,503.01868
64,-9.666543,469.18152
64,-11.926171,439.60983
64,-12.213937,413.5448
64,-11.333957,390.3976
64,-6.190421,369.7043
64,-2.898201,351.09433
64,-2.0003767,335.20496
64,-1.992279,345.54758
64,-3.7821531,356.54877
64,-4.9840765,368.27347
64,-7.403655,380.79547
64,-10.353091,394.19904
64,-13.932317,408.58054
64,-17.094276,424.05118
64,-18.35025,440.7395
64,-19.539398,458.79517
64,-18.268482,478.39337
64,-15.074689,499.74063
64,-11.491473,523.08203
64,-10.214332,548.71063
64,-10.428948,546.82526
64,-12.195628,526.43427
64,-15.412786,507.50934
64,-16.07166,489.89786
64,-11.32672,473.4677
64,-9.004975,458.10385
64,-5.2790365,443.70572
64,-4.7497816,430.18512
64,-3.8817873,429.09772
64,-5.5105295,437.65955
64,-7.2748613,446.5701
64,-11.380961,455.85098
64,-15.036759,465.5258
64,-17.529545,475.6202
64,-19.388947,486.1621
64,-19.825203,497.1819
64,-16.114105,508.71283
64,-13.985639,520.7913
64,-12.978169,533.45734
64,-12.943694,464.9362
64,-12.810872,409.52936
64,-13.532277,365.92212
64,-15.041873,330.70792
64,-15.641887,301.67633
64,-13.081744,277.33057
64,-9.737515,256.62082
64,-8.179791,238.78917
64,-8.13956,232.84187
64,-9.482512,235.94221
64,-12.395137,239.12624
64,-15.167901,242.39735
64,-17.028328,245.75923
64,-20.02053,249.21567
64,-21.954735,252.77072
64,-23.283768,256.42865
64,-21.4142,260.194
64,-20.134064,264.0716
64,-17.489594,268.0665
64,-16.732052,272.18414
64,-16.343315,276.43027
64,-17.559261,280.81094
64,-18.989113,285.33273
64,-19.76596,290.0025
64,-11.016248,294.8277
64,-8.787419,299.81613
64,-6.9031744,304.9763
64,-7.174054,310.6588
64,-7.666608,321.44138
64,-9.805179,332.99936
64,-12.45687,345.41946
64,-16.612762,358.80197
64,-18.907677,373.2632
64,-19.567616,388.93915
64,-20.353432,405.98947
64,-20.584469,424.6032
64,-20.596897,445.0058
64,-19.882164,467.4681
64,-17.375656,492.3185
64,-15.73742,519.9594
64,-14.629569,550.8886
64,-14.46145,585.73016
64,-15.3947115,575.0283
64,-16.870106,530.4585
64,-19.483086,492.3008
64,-18.817127,459.26437
64,-10.718362,430.38297
64,-8.231799,404.91916
64,-5.472356,382.30017
64,-5.2635202,365.1981
64,-4.7667894,383.21875
64,-6.602559,403.1102
64,-8.348119,425.17963
64,-12.425794,449.80557
64,-15.878522,477.45947
64,-17.812756,508.73648
64,-19.24406,544.39844
64,-20.222588,585.437
64,-18.83757,633.1673
64,-15.434716,689.3713
64,-12.214217,756.5253
64,-11.310813,838.1748
64,-11.370992,610.12415
64,-13.920632,431.94928
64,-13.696706,334.31815
64,-12.692407,272.68472
64,-10.891898,230.23889
64,-11.567119,213.92902
64,-12.394498,213.88521
64,-15.701272,213.84143
64,-16.037605,213.79764
64,-17.264713,213.75388
64,-18.090672,213.71016
64,-18.411716,213.66643
64,-24.30938,213.62271
64,-24.207561,213.57903
64,-23.699905,213.53537
64,-23.156143,213.49171
64,-21.350464,213.44807
64,-21.51109,213.40448
64,-22.009544,213.36087
64,-24.175686,213.31729
64,-25.482365,213.27374
64,-24.402897,213.2302
64,-21.964153,213.18666
64,-12.884728,213.14314
64,-9.911864,213.09967
64,-8.498181,213.05618
64,-9.271905,214.44455
64,-9.676236,217.45703
64,-14.371984,220.55536
64,-17.87056,223.74326
64,-20.967655,227.02463
64,-22.480282,230.4037
64,-22.973606,233.88489
64,-22.97797,237.47289
64,-22.528648,241.17268
64,-20.406044,244.98958
64,-19.214748,248.92924
64,-18.289513,252.9977
64,-18.09451,257.20132
64,-18.737942,261.547
64,-20.084084,266.04208
64,-22.313797,270.69434
64,-22.764091,275.5122
64,-19.097355,280.5047
64,-14.945968,285.68146
64,-9.272006,291.0529
64,-7.6122427,296.63016
64,-7.243905,305.00513
64,-7.893487,318.96075
64,-12.088712,334.25467
64,-14.6391,351.08917
64,-18.365532,369.70932
64,-20.330929,390.41507
64,-21.387669,413.57776
64,-20.497662,439.6622
64,-18.52575,469.25836
64,-15.975879,503.12674
64,-13.238095,542.2642
64,-11.104554,588.0043
64,-10.283046,642.17145
64,-7.524064,707.33105
64,-6.7023134,787.20703
64,-7.0156145,759.3904
64,-7.441371,593.7276
64,-10.452392,487.40012
64,-7.818982,413.3716
64,-4.888112,358.86554
64,-4.5411234,319.96497
64,-5.080888,330.83066
64,-7.544482,342.4602
64,-9.257295,354.93723
64,-10.623221,368.35776
64,-14.059056,382.83304
64,-16.719559,398.49255
64,-18.354042,415.48776
64,-18.491821,433.99725
64,-15.902955,454.23273
64,-14.308415,476.4475
64,-13.607333,500.94687
64,-12.884219,528.1024
64,-11.480109,558.3708
64,-11.446931,592.31976
64,-12.084008,540.6835
64,-14.345489,495.23163
64,-17.276245,456.82895
64,-16.22438,423.9535
64,-12.480695,395.49213
64,-4.8150816,370.61176
64,-3.0044928,348.67654
64,-2.431675,343.06818
64,-4.004777,361.49704
64,-7.346532,382.0182
64,-10.817742,405.00946
64,-14.085334,430.9453
64,-16.695087,460.43018
64,-19.086803,494.246
64,-20.423126,533.4228
64,-19.793648,579.3449
64,-16.490776,633.91864
64,-11.665797,699.84326
64,-8.281539,781.07104
64,-6.2181826,883.6303
64,-5.579522,1009.8651
64,-5.435506,669.38257
64,-6.1730394,500.6015
64,-4.954232,399.79538
64,-5.112241,332.78287
64,-5.0185976,317.17703
64,-6.8471956,328.6596
64,-7.9726934,341.0048
64,-9.972451,354.3136
64,-11.611978,368.70346
64,-14.836137,384.3116
64,-17.523163,401.29965
64,-18.937832,419.859
64,-19.13126,440.2183
64,-19.345451,462.65268
64,-17.97145,487.49643
64,-15.411059,515.1597
64,-10.566445,546.1514
64,-8.105996,581.1108
64,-7.5933485,609.0261
64,-8.327096,546.28107
64,-10.409684,495.25702
64,-12.359082,452.95032
64,-10.43752,417.30276
64,-7.4986887,386.85684
64,-4.6254168,360.55142
64,-3.5692606,337.59564
64,-3.8062716,342.82138
64,-5.3776236,355.22922
64,-8.258567,368.56897
64,-10.559091,382.94965
64,-13.485463,398.49814
64,-16.695553,415.3626
64,-18.257454,433.71765
64,-19.350014,453.76987
64,-18.896015,475.7661
64,-16.489368,500.0035
64,-12.712754,526.843
64,-9.41463,556.72736
64,-7.6669626,590.2058
64,-6.839919,591.3907
64,-6.581414,524.27313
64,-7.580678,470.83734
64,-8.084672,427.28674
64,-8.045814,391.11053
64,-5.009734,360.58194
64,-2.139822,334.47412
64,-1.2501764,311.9461
64,-1.8599749,326.3434
64,-4.9676695,342.13397
64,-9.604804,359.53033
64,-12.605184,378.79056
64,-15.371955,400.2311
64,-16.946445,424.2445
64,-19.110054,451.32336
64,-20.355747,482.09473
64,-19.665066,517.3691
64,-13.912894,558.21295
64,-10.238252,606.0584
64,-7.7173758,662.8747
64,-3.7676134,731.44556
64,-2.6692066,815.8399
64,-2.7050333,761.6116
64,-5.1092806,637.2192
64,-7.225589,547.75543
64,-6.12741,480.31992
64,-4.3058367,427.66855
64,-4.3555307,401.29727
64,-5.229169,410.3638
64,-9.097383,419.84946
64,-11.788342,429.78403
64,-14.545142,440.20013
64,-17.948978,451.13364
64,-20.86908,462.6241
64,-22.319324,474.71524
64,-22.452938,487.45535
64,-16.631584,500.8981
64,-11.895501,515.1034
64,-11.36387,528.3761
64,-10.761495,494.92755
64,-13.697995,465.46176
64,-14.504182,439.3073
64,-14.410779,415.9358
64,-15.805181,394.9254
64,-14.397681,375.93558
64,-12.5565195,358.6882
64,-11.64737,342.95395
64,-11.642362,338.83365
64,-12.196439,343.9725
64,-12.916684,349.26965
64,-14.009538,354.7325
64,-15.784556,360.36893
64,-18.803806,366.1874
64,-21.501976,372.19684
64,-22.746696,378.40677
64,-23.376896,384.82748
64,-22.079334,391.46982
64,-11.409905,398.34552
64,-9.572915,405.467
64,-7.099658,412.8478
64,-7.328576,417.72418
64,-8.128039,407.28693
64,-10.245814,397.35855
64,-12.517907,387.90268
64,-13.525748,378.88638
64,-13.388164,370.27972
64,-11.117482,362.0554
64,-8.657603,354.18848
64,-8.71078,346.65616
64,-6.9331446,339.43753
64,-7.2855406,332.5134
64,-7.8068285,321.0708
64,-10.599206,304.379
64,-16.466251,289.337
64,-19.801811,275.7117
64,-21.791946,263.31192
64,-21.586342,251.9795
64,-20.622444,241.58228
64,-18.931679,232.00908
64,-16.958328,223.16568
64,-13.935567,214.97168
64,-12.783307,207.35808
64,-12.408145,200.26535
64,-10.701575,193.64178
64,-11.048081,187.44232
64,-10.793546,189.23123
64,-12.904639,194.16765
64,-13.77369,199.36852
64,-13.917901,204.85567
64,-14.236896,210.65338
64,-15.570523,216.78883
64,-17.344501,223.29242
64,-20.809788,230.19829
64,-23.73745,237.54495
64,-25.48793,245.37599
64,-25.617714,253.74095
64,-24.439026,262.69638
64,-22.251854,272.30707
64,-20.844555,282.64767
64,-19.07594,293.80466
64,-17.296406,305.87857
64,-17.072552,318.98743
64,-17.833267,333.2702
64,-18.697678,348.8919
64,-18.512394,366.05017
64,-15.91499,384.98337
64,-14.7756605,405.982
64,-13.595494,429.40347
64,-13.652122,455.69278
64,-14.258924,467.6947
64,-15.401195,463.4041
64,-18.155949,459.19162
64,-20.59536,455.05493
64,-23.117416,450.99216
64,-22.885933,447.0013
64,-22.68734,443.0804
64,-17.398895,439.22778
64,-11.351645,435.4415
64,-10.735166,431.71994
64,-10.515958,417.70514
64,-13.290597,403.8559
64,-14.248288,390.8956
64,-14.59048,378.7412
64,-15.512021,367.3199
64,-14.670625,356.56723
64,-12.288156,346.42624
64,-7.7883806,336.8461
64,-5.0717783,327.78156
64,-3.7615404,319.1921
64,-3.7856112,321.6304
64,-5.118453,335.6201
64,-7.0438795,350.88208
64,-10.847438,367.59827
64,-14.079795,385.98685
64,-16.451504,406.31207
64,-17.83136,428.8968
64,-17.575329,454.14005
64,-16.014725,482.54053
64,-13.089379,514.73016
64,-7.830043,551.52136
64,-5.8165083,593.9769
64,-4.537774,643.514
64,-3.5350637,702.0655
64,-3.928607,721.71747
64,-4.560115,597.3278
64,-7.0594797,509.51218
64,-6.6428175,444.2074
64,-3.9489183,393.74118
64,-2.3410273,353.572
64,-1.9378023,332.26495
64,-3.2668238,345.74194
64,-5.76287,360.35843
64,-9.250585,376.2653
64,-11.269774,393.64133
64,-14.284089,412.69995
64,-16.79818,433.69794
64,-16.893204,456.9472
64,-15.71522,482.83032
64,-14.237855,511.82175
64,-12.849488,544.5171
64,-10.997483,581.67474
64,-8.671107,624.27496
64,-7.710294,673.60815
64,-7.822858,630.58466
64,-9.349175,542.12134
64,-9.164449,475.42508
64,-7.862447,423.34198
64,-4.992263,381.5437
64,-3.6347933,347.2575
64,-2.954259,323.23508
64,-3.94378,334.9809
64,-5.6724234,347.61252
64,-8.381068,361.23413
64,-10.59645,375.96683
64,-14.184796,391.95233
64,-16.663166,409.3576
64,-19.058235,428.38052
64,-19.288239,449.25754
64,-18.098946,472.27374
64,-15.659587,497.77557
64,-13.054872,526.1887
64,-9.929965,558.0419
64,-8.14508,594.0
64,-7.4761133,618.2398
64,-8.376357,552.1683
64,-10.261823,498.8554
64,-12.059022,454.93094
64,-11.524398,418.1157
64,-6.468322,386.81284
64,-3.6586313,359.87064
64,-2.7808237,336.4372
64,-3.3759623,347.3885
64,-5.226613,359.66562
64,-8.04279,372.84232
64,-9.990317,387.0212
64,-11.697419,402.3211
64,-13.964992,418.88052
64,-17.002056,436.86163
64,-17.856022,456.45572
64,-14.789163,477.88992
64,-12.8073,501.4364
64,-8.176944,527.42346
64,-6.063964,556.25134
64,-4.3650656,588.4128
64,-4.7654524,570.3997
64,-5.852624,523.5309
64,-6.258889,483.77957
64,-5.535508,449.63876
64,-4.443631,419.99905
64,-3.9953585,394.02533
64,-3.0055628,371.07706
64,-2.7566748,355.03592
64,-3.1469498,370.98788
64,-4.4246225,388.44077
64,-6.262294,407.61676
64,-8.97692,428.78445
64,-12.83785,452.27103
64,-15.097003,478.47968
64,-13.757403,507.9127
64,-13.198028,541.2041
64,-12.137658,579.16583
64,-10.552333,622.8548
64,-8.058536,673.6728
64,-6.6257734,733.51984
64,-6.7542963,668.2136
64,-7.7333403,490.23523
64,-8.948621,387.12473
64,-6.9927473,319.85095
64,-4.246497,272.49692
64,-3.1998491,237.35628
64,-3.8812914,227.20592
64,-5.1589556,230.57625
64,-8.874526,234.04811
64,-11.286929,237.6261
64,-14.407346,241.31517
64,-16.64944,245.1206
64,-19.100552,249.04799
64,-20.991333,253.10327
64,-21.430061,257.2928
64,-20.182823,261.62335
64,-17.34523,266.10217
64,-15.300372,270.73703
64,-13.953595,275.5362
64,-14.023644,280.50858
64,-13.096425,285.66373
64,-12.617633,291.0119
64,-11.811299,296.56418
64,-9.876454,302.3324
64,-7.902707,308.3295
64,-6.2039995,314.56927
64,-6.182124,325.2036
64,-7.0246534,339.48407
64,-9.189191,355.07632
64,-10.607379,372.1698
64,-13.227033,390.99228
64,-16.642345,411.82004
64,-20.100697,434.99164
64,-21.27364,460.92624
64,-21.409676,490.14944
64,-18.863358,523.329
64,-16.247147,561.3268
64,-14.019855,605.2744
64,-10.422456,656.6881
64,-8.957959,717.64716
64,-8.956185,705.3314
64,-9.8290415,603.57434
64,-12.317224,527.4762
64,-11.033029,468.41837
64,-9.297576,421.25354
64,-7.9870863,382.71786
64,-8.3625345,369.51608
64,-9.354434,378.00183
64,-11.017043,386.88644
64,-12.585361,396.1988
64,-13.547416,405.9705
64,-17.367207,416.2364
64,-20.478924,427.0349
64,-20.022194,438.4087
64,-18.808468,450.40494
64,-17.327545,463.07608
64,-12.6181345,476.4809
64,-10.797744,490.6849
64,-10.11789,497.56827
64,-10.656674,468.36807
64,-11.223052,442.40518
64,-12.293374,419.16953
64,-11.4689665,398.25278
64,-10.384492,379.3243
64,-7.297595,362.11353
64,-4.617194,346.39673
64,-2.4546328,331.9875
64,-2.2085962,323.99658
64,-2.7134886,334.4845
64,-5.193864,345.67413
64,-6.998603,357.63828
64,-9.561086,370.46036
64,-11.412229,384.23602
64,-13.806611,399.0757
64,-14.827882,415.10776
64,-14.837972,432.4818
64,-14.099454,451.3737
64,-11.381104,471.99152
64,-7.9713507,494.58304
64,-5.8655996,519.446
64,-4.1828985,546.9409
64,-4.411113,554.0522
64,-4.488736,496.82718
64,-5.7455225,450.31647
64,-6.625165,411.7686
64,-7.269801,379.2998
64,-5.780551,351.57727
64,-2.5020761,327.63113
64,-0.75604725,306.73895
64,0.0,293.3305
64,-0.22616768,290.21115
64,-1.4018736,287.1574
64,-2.8569088,284.1673
64,-5.4865923,281.23883
64,-8.017785,278.3701
64,-11.505721,275.55927
64,-14.401353,272.80463
64,-16.150158,270.10455
64,-16.142185,267.4574
64,-14.929463,264.8616
64,-11.466153,262.31573
64,-9.202748,259.81833
64,-5.517173,257.36804
64,-3.0556097,254.96352
64,-2.488471,253.23459
64,-2.8574705,261.82147
64,-4.8145933,271.0111
64,-6.13733,280.86932
64,-7.333831,291.4718
64,-8.97512,302.90616
64,-10.253272,315.27426
64,-12.037271,328.69537
64,-15.491281,343.30997
64,-18.34433,359.2846
64,-18.715122,376.8185
64,-19.299042,396.15155
64,-18.895573,417.57565
64,-18.45618,441.44952
64,-13.302665,468.2188
64,-12.129149,498.4442
64,-10.002286,532.84125
64,-9.421313,572.3376
64,-9.662206,593.0803
64,-10.276675,547.8922
64,-13.619592,509.10257
64,-14.009864,475.44226
64,-12.208802,445.95694
64,-11.422158,419.9152
64,-8.194333,396.7471
64,-8.190988,376.0018
64,-8.444398,386.3949
64,-12.114366,404.4816
64,-15.043416,424.34476
64,-18.040329,446.25946
64,-21.116703,470.56104
64,-23.12996,497.6617
64,-23.898052,528.0747
64,-22.407986,562.4469
64,-18.551956,601.60516
64,-15.848096,646.6239
64,-11.921565,698.9252
64,-11.581332,760.4317
64,-11.942584,675.8192
64,-14.988227,575.4452
64,-20.222672,501.03104
64,-15.326821,443.65894
64,-10.713832,398.07602
64,-9.58591,360.98706
64,-9.373288,376.1458
64,-11.236714,394.86688
64,-12.646329,415.54904
64,-13.644193,438.51755
64,-17.452267,464.1737
64,-18.735043,493.01846
64,-19.555912,525.6857
64,-21.703918,562.9892
64,-21.834904,605.99133
64,-15.524995,656.1059
64,-13.110066,715.25653
64,-11.458821,786.1292
64,-12.069612,709.2459
64,-12.468131,535.795
64,-14.099364,430.51062
64,-12.808841,359.80798
64,-11.198468,309.05234
64,-10.919013,272.53976
64,-11.470918,282.6286
64,-13.0096655,293.4931
64,-13.435414,305.22626
64,-13.950383,317.93665
64,-14.654105,331.7516
64,-16.900604,346.82162
64,-19.060955,363.326
64,-21.060638,381.47958
64,-21.643929,401.54272
64,-20.861862,423.8333
64,-19.69366,448.74423
64,-16.084717,476.76633
64,-12.710853,508.52115
64,-9.995151,544.80786
64,-7.9386263,586.6712
64,-6.8247347,635.5036
64,-7.407033,626.12
64,-8.73154,564.2037
64,-10.290629,513.431
64,-7.077491,471.042
64,-5.187463,435.11847
64,-3.7427435,404.286
64,-3.7792406,377.53397
64,-4.8090086,378.54306
64,-6.5566835,390.29095
64,-10.394681,402.79135
64,-14.556836,416.119
64,-16.613949,430.35883
64,-17.752197,445.60773
64,-18.060612,461.977
64,-14.441995,479.5947
64,-11.006362,498.6095
64,-6.9348326,519.1943
64,-2.9660616,541.5519
64,-1.6754141,565.9217
64,-1.8897247,542.5608
64,-3.75521,491.23627
64,-7.948098,448.78287
64,-10.331195,413.0835
64,-8.739072,382.64523
64,-4.6168413,356.38483
64,-1.4604053,333.49738
64,-0.19108772,313.37222
64,-0.7398348,319.6204
64,-2.6766863,334.26395
64,-6.522519,350.31378
64,-8.587354,367.98264
64,-11.206357,387.5285
64,-14.190604,409.26724
64,-16.536606,433.5898
64,-17.747055,460.98602
64,-16.968563,492.07776
64,-15.430871,527.6669
64,-12.819928,568.80524
64,-10.831723,616.9005
64,-7.5988436,673.88043
64,-5.489047,742.4573
64,-5.131757,766.4563
64,-5.958564,623.2276
64,-7.774625,525.10126
64,-8.204843,453.67133
64,-7.3209963,399.34775
64,-6.7808905,356.64258
64,-6.853574,351.16388
64,-8.530522,364.0631
64,-10.881915,377.94617
64,-14.270732,392.92996
64,-17.257122,409.15094
64,-19.063026,426.76883
64,-20.709053,445.97226
64,-19.791069,466.98526
64,-17.362011,490.0764
64,-14.495477,515.5699
64,-12.380612,543.8612
64,-10.653579,575.4377
64,-9.727429,610.90686
64,-9.791715,600.7754
64,-11.149447,554.2961
64,-13.44279,514.4921
64,-13.970054,480.02176
64,-12.480758,449.88037
64,-9.328008,423.30057
64,-7.6173296,399.68634
64,-6.9925337,389.54037
64,-7.8945513,398.29047
64,-10.272746,407.44266
64,-12.7585,417.02542
64,-16.205418,427.0698
64,-18.392239,437.60995
64,-20.115456,448.68353
64,-20.181976,460.3321
64,-18.223244,472.60162
64,-9.76459,485.54312
64,-7.70955,499.21332
64,-6.0231237,513.67554
64,-6.242833,482.1736
64,-8.024377,440.8003
64,-10.677442,405.96606
64,-12.874768,376.23416
64,-12.411103,350.56003
64,-9.687676,328.16608
64,-8.147706,308.4614
64,-6.701337,290.989
64,-6.755582,275.9837
64,-7.56688,276.3914
64,-10.174352,276.8003
64,-13.079238,277.21042
64,-19.103867,277.62173
64,-21.448029,278.0343
64,-23.433449,278.4481
64,-23.187248,278.8631
64,-22.560616,279.27933
64,-20.689793,279.69684
64,-19.843166,280.11557
64,-18.724682,280.53558
64,-18.984032,280.95685
64,-19.229744,281.37936
64,-20.020016,281.8032
64,-10.771028,282.22827
64,-9.927102,282.65463
64,-9.093877,291.7611
64,-11.844886,304.99664
64,-12.543183,319.4901
64,-14.211125,335.42978
64,-16.839191,353.04343
64,-19.789162,372.6094
64,-22.589523,394.47134
64,-23.600151,419.05862
64,-22.93335,446.9146
64,-19.289783,478.73767
64,-17.893372,515.4402
64,-15.92769,558.23755
64,-15.043471,608.78546
64,-15.151639,669.3989
64,-12.532296,743.4169
64,-12.841908,835.83875
64,-13.136775,672.5516
64,-16.066624,533.4539
64,-10.21477,442.03244
64,-6.8666716,377.36154
64,-5.3539495,329.19864
64,-4.3864202,317.5625
64,-5.3253202,328.96918
64,-6.165971,341.22583
64,-8.105319,354.43112
64,-10.058045,368.69968
64,-11.904214,384.1652
64,-15.559516,400.98502
64,-16.42009,419.3451
64,-16.694782,439.46716
64,-16.398502,461.61765
64,-13.748036,486.11957
64,-12.599452,513.36835
64,-10.924819,543.8533
64,-10.588487,578.1874
64,-10.207719,605.9108
64,-10.772155,552.98883
64,-12.064683,508.5689
64,-13.0809145,470.7546
64,-13.04144,438.1745
64,-11.454997,409.81207
64,-9.347632,384.89816
64,-8.463042,362.83984
64,-8.726247,368.83734
64,-10.546176,383.97476
64,-12.483657,400.40787
64,-13.610253,418.31042
64,-15.011338,437.8888
64,-15.463557,459.38986
64,-19.247604,483.11136
64,-19.315823,509.41614
64,-15.799016,538.7503
64,-11.07035,571.6693
64,-9.168168,608.873
64,-7.3263006,651.2561
64,-8.071086,678.9107
64,-8.175553,628.42847
64,-10.150643,584.934
64,-10.451585,547.07056
64,-10.255904,513.8109
64,-9.251634,484.36368
64,-8.612105,458.10876
64,-8.830829,454.5099
64,-9.568553,461.15656
64,-11.236541,468.00058
64,-12.732118,475.05072
64,-15.559766,482.3166
64,-16.561592,489.80817
64,-16.468922,497.5361
64,-15.204923,505.5118
64,-11.59588,513.74744
64,-10.688012,522.2558
64,-10.293622,495.10452
64,-10.985223,456.59198
64,-11.7827425,423.63855
64,-12.479465,395.1216
64,-13.909717,370.20172
64,-14.296565,348.2387
64,-13.38343,328.73572
64,-11.019887,311.30142
64,-10.754296,298.2558
64,-10.443341,308.43503
64,-11.875901,319.3336
64,-12.937743,331.03055
64,-15.28852,343.61703
64,-17.858849,357.19843
64,-20.789932,371.89764
64,-23.307701,387.85858
64,-23.790443,405.25092
64,-20.816692,424.27634
64,-18.747242,445.1761
64,-14.162511,468.2416
64,-12.340089,493.82785
64,-10.965932,522.37195
64,-5.36794,554.41833
64,-5.656684,590.65356
64,-5.8341036,535.7988
64,-11.453311,487.84915
64,-13.7557955,447.77676
64,-14.400718,413.7878
64,-12.756198,384.59476
64,-10.027854,359.24945
64,-8.475366,337.03815
64,-8.297624,328.77008
64,-9.099511,341.74457
64,-11.951158,355.78522
64,-14.688289,371.02902
64,-17.532143,387.63754
64,-20.720516,405.8026
64,-22.788822,425.7539
64,-22.950085,447.76846
64,-19.580524,472.18375
64,-16.533459,499.41513
64,-13.941112,529.97974
64,-11.917968,564.5293
64,-10.187207,603.8977
64,-8.939111,649.16846
64,-9.084613,591.9228
64,-9.381671,472.49976
64,-11.06951,393.17496
64,-10.995152,336.65604
64,-9.802453,294.34406
64,-7.367818,261.48038
64,-6.473115,235.21817
64,-6.9909334,235.56644
64,-9.176312,241.26051
64,-12.31601,247.2367
64,-14.425099,253.51645
64,-16.652916,260.12354
64,-18.256603,267.0842
64,-19.47116,274.42764
64,-19.212479,282.18634
64,-18.611313,290.39648
64,-15.839364,299.0987
64,-13.47437,308.3386
64,-12.695069,318.16754
64,-12.679246,328.6438
64,-13.705085,339.8334
64,-13.862191,351.81183
64,-12.558429,364.66556
64,-11.5039835,378.49417
64,-9.773307,393.4129
64,-8.630263,409.55597
64,-9.061578,419.89297
64,-10.110957,417.293
64,-13.364251,414.725
64,-16.698425,412.1884
64,-18.676563,409.68265
64,-20.650711,407.20718
64,-21.442844,404.76147
64,-21.822815,402.34494
64,-16.608711,399.95706
64,-11.346684,397.5974
64,-9.853513,395.26544
64,-9.585988,383.8782
64,-11.372247,368.75916
64,-13.241889,354.7859
64,-12.97474,341.83295
64,-13.130982,329.79248
64,-13.566045,318.57138
64,-13.495423,308.0887
64,-10.332791,298.27396
64,-7.1875696,289.06525
64,-5.6475477,280.40808
64,-4.215764,272.2544
64,-4.465707,265.34402
64,-5.614888,261.0732
64,-7.885165,256.9377
64,-11.469529,252.9312
64,-13.797402,249.04768
64,-15.067002,245.28163
64,-16.428402,241.6278
64,-16.778728,238.0812
64,-15.937274,234.63724
64,-14.486623,231.29146
64,-11.839213,228.0398
64,-9.438891,224.87828
64,-7.7866373,221.80319
64,-7.5989847,218.81111
64,-8.774533,215.89867
64,-7.743325,213.06273
64,-8.208632,210.30034
64,-8.314485,209.86018
64,-10.247575,213.59901
64,-14.734204,217.47348
64,-17.697784,221.4911
64,-20.111053,225.65996
64,-22.470924,229.98875
64,-23.694118,234.48688
64,-23.6773,239.16447
64,-24.052666,244.03246
64,-22.808132,249.10274
64,-20.478134,254.38818
64,-19.35286,259.9028
64,-18.452583,265.66177
64,-16.841732,271.6818
64,-17.19532,277.98093
64,-18.102001,284.57913
64,-21.73595,291.49814
64,-20.9066,298.76202
64,-15.217975,306.39716
64,-10.534902,314.43277
64,-7.0086107,322.9012
64,-5.5860014,331.83844
64,-5.120528,341.3134
64,-5.3303556,351.354
64,-6.707074,362.00323
64,-8.120982,373.3182
64,-13.419784,385.3633
64,-15.970773,398.2116
64,-17.073986,411.9462
64,-19.00143,426.6621
64,-19.692543,442.4683
64,-18.69728,459.49066
64,-16.64521,477.87518
64,-13.585849,497.7922
64,-11.55992,519.4416
64,-10.900235,523.94763
64,-10.803735,488.3765
64,-12.3235655,457.3282
64,-13.804502,429.99167
64,-16.014736,405.73886
64,-15.357516,384.07587
64,-7.2081347,364.6089
64,-3.1828089,347.02005
64,-2.1429024,331.05008
64,-2.1957846,340.18228
64,-3.840396,352.79868
64,-5.6160173,366.38693
64,-8.819079,381.06378
64,-12.072717,396.9656
64,-13.750274,414.2524
64,-14.143767,433.1133
64,-15.322974,453.77365
64,-15.644668,476.50372
64,-14.9093485,501.63113
64,-13.217587,529.5561
64,-11.398513,560.77344
64,-10.173814,595.9018
64,-9.818446,607.0398
64,-10.753133,542.5026
64,-11.512071,490.36923
64,-10.531629,447.37723
64,-8.495885,411.31598
64,-7.1060247,380.6346
64,-5.4768248,354.21277
64,-6.0947676,332.95035
64,-6.668166,345.38873
64,-9.187705,358.79248
64,-11.462464,373.2786
64,-12.978644,388.98367
64,-13.560262,406.0683
64,-13.806855,424.72266
64,-13.847295,445.17343
64,-15.566453,467.69333
64,-14.262616,492.61298
64,-13.944371,520.33765
64,-13.229009,551.36914
64,-10.657147,586.3367
64,-9.920156,626.0398
64,-9.927011,599.92706
64,-11.608968,524.5275
64,-13.52634,465.96457
64,-10.161757,419.1652
64,-7.0330896,380.90848
64,-2.963727,349.051
64,-1.5013266,322.11108
64,-1.7989092,302.4566
64,-3.493722,287.49188
64,-8.324773,273.93817
64,-10.690734,261.60492
64,-12.351222,250.33434
64,-16.191994,239.99477
64,-17.434753,230.47545
64,-17.914955,221.68248
64,-18.429897,213.53575
64,-18.256283,205.96661
64,-17.135792,198.9157
64,-14.261977,192.33153
64,-10.034701,186.1693
64,-7.40825,180.38968
64,-6.4437647,175.69685
64,-5.4851484,176.72069
64,-6.4001284,177.75655
64,-6.910468,178.80461
64,-8.782212,179.86511
64,-7.842683,180.93826
64,-8.41256,182.02429
64,-8.602059,183.12346
64,-11.61543,184.23596
64,-13.512326,185.36208
64,-16.335312,186.50203
64,-19.828213,187.65611
64,-22.371727,188.82454
64,-23.063007,190.00761
64,-21.673153,191.20561
64,-20.632038,192.41881
64,-19.503063,193.64752
64,-18.433937,194.892
64,-18.567387,196.1526
64,-18.555454,197.4296
64,-19.906818,198.72331
64,-21.22522,200.03413
64,-21.921577,201.36234
64,-18.145279,202.70831
64,-12.825822,204.07239
64,-11.231767,205.45496
64,-10.106568,203.88171
64,-9.639482,199.34169
64,-10.490966,194.99942
64,-11.906592,190.84233
64,-15.705638,186.85876
64,-17.879978,183.03812
64,-19.218689,179.37056
64,-20.100975,175.8471
64,-19.331364,172.45941
64,-17.53368,169.19977
64,-15.907044,166.06105
64,-14.8573885,163.03668
64,-13.373548,160.1205
64,-12.983317,157.3068
64,-13.104833,154.59027
64,-12.215821,151.96599
64,-13.02484,149.4293
64,-12.524041,146.97594
64,-12.8674,144.6018
64,-9.219296,142.30316
64,-5.64396,140.07646
64,-4.372718,137.91837
64,-4.6345015,139.63904
64,-6.0510225,143.49597
64,-8.7626505,147.57202
64,-10.722459,151.88641
64,-13.249536,156.46066
64,-16.30714,161.31898
64,-19.230618,166.4887
64,-20.24451,172.00073
64,-20.28318,177.89021
64,-20.026245,184.19734
64,-20.510437,190.96815
64,-21.803905,198.2557
64,-23.560532,206.12155
64,-24.727116,214.63734
64,-23.561504,223.88712
64,-22.515457,233.96999
64,-21.089409,245.0039
64,-19.664116,257.13
64,-19.568916,270.51898
64,-19.481071,285.37885
64,-20.23375,301.9662
64,-18.285225,320.6007
64,-16.981121,341.68643
64,-15.600293,365.741
64,-15.017417,393.43887
64,-14.759219,425.67572
64,-14.85743,463.66672
64,-13.911679,509.10355
64,-13.159986,564.41296
64,-12.656362,633.2049
64,-12.368024,721.0933
64,-6.9122305,837.3116
64,-6.8468657,998.1894
64,-6.079213,639.27716
64,-8.518384,445.02356
64,-6.5682573,341.31122
64,-5.257434,276.8026
64,-5.2813883,251.74826
64,-5.707616,251.74826
64,-7.5303583,251.74826
64,-8.426318,251.74826
64,-10.558106,251.74826
64,-12.734599,251.74826
64,-12.827901,251.74826
64,-13.494695,251.74826
64,-13.895057,251.74826
64,-14.107612,251.74826
64,-14.692866,251.74826
64,-14.205462,251.74826
64,-14.094451,251.74826
64,-14.004575,251.74826
64,-15.546386,251.74826
64,-17.474869,251.74826
64,-14.863124,251.74826
64,-14.454888,251.74826
64,-14.399512,251.74826
64,-18.562218,251.74826
64,-21.846447,251.74826
64,-23.252293,251.74826
64,-24.043873,251.74826
64,-26.225544,251.74826
64,-27.357285,251.74826
64,-29.88948,251.74826
64,-36.245785,251.74826
64,-43.909306,251.74826
64,-80.0,251.74826
64,-80.0,251.74826
64,-80.0,251.74826
64,-80.0,251.74826
64,-80.0,251.74826
64,-80.0,251.74826
64,-80.0,251.74826
64,-80.0,251.74826
64,-80.0,251.74826
64,-80.0,251.74826
64,-80.0,251.74826
64,-80.0,251.74826
64,-80.0,251.74826
64,-80.0,251.74826
64,-80.0,251.74826
64,-80.0,251.74826
64,-80.0,251.74826
64,-80.0,251.74826
64,-80.0,251.74826
64,-80.0,251.74826
64,-80.0,251.74826
64,-80.0,251.74826
64,-80.0,251.74826
64,-80.0,251.74826
64,-80.0,251.74826
64,-80.0,251.74826
64,0.0,0.0
64,0.0,0.0
64,0.0,0.0
64,0.0,0.0
64,0.0,0.0
64,0.0,0.0
64,0.0,0.0
64,0.0,0.0
64,0.0,0.0
64,0.0,0.0
64,0.0,0.0
64,0.0,0.0
64,0.0,0.0
