BeanCount,amplitude_envelope
1000,0.011998782
1000,0.019458713
1000,0.028069662
1000,0.037194535
1000,0.04617116
1000,0.05443805
1000,0.061557695
1000,0.067106925
1000,0.07053671
1000,0.07117588
1000,0.06847153
1000,0.06236931
1000,0.053577207
1000,0.043493517
1000,0.033812255
1000,0.026012199
1000,0.020944865
1000,0.01864825
1000,0.018421426
1000,0.019121114
1000,0.019583022
1000,0.019036593
1000,0.017390477
1000,0.015302629
1000,0.014004147
1000,0.01491877
1000,0.019177802
1000,0.027161442
1000,0.038203917
1000,0.050584696
1000,0.061877873
1000,0.069627345
1000,0.07215612
1000,0.069171496
1000,0.06185211
1000,0.05236133
1000,0.043042798
1000,0.035662
1000,0.03096014
1000,0.028625956
1000,0.027644
1000,0.026865259
1000,0.025576873
1000,0.023852864
1000,0.022558844
1000,0.023020944
1000,0.026487954
1000,0.033572126
1000,0.043854635
1000,0.05580482
1000,0.06708738
1000,0.07521109
1000,0.07832194
1000,0.07581784
1000,0.06848671
1000,0.058126643
1000,0.046876855
1000,0.0365585
1000,0.02825664
1000,0.022246443
1000,0.018230412
1000,0.015745949
1000,0.014553917
1000,0.01483987
1000,0.017145071
1000,0.022063216
1000,0.029830776
1000,0.039974473
1000,0.05117315
1000,0.061442614
1000,0.06864763
1000,0.07119748
1000,0.06864047
1000,0.06185398
1000,0.05272038
1000,0.04345906
1000,0.035925448
1000,0.031134754
1000,0.029135613
1000,0.029228881
1000,0.030423267
1000,0.031945262
1000,0.033597954
1000,0.035817746
1000,0.03939599
1000,0.04497523
1000,0.052542012
1000,0.061156124
1000,0.06907567
1000,0.074283
1000,0.0752205
1000,0.07140181
1000,0.06359124
1000,0.053480532
1000,0.043070935
1000,0.03405562
1000,0.02741754
1000,0.023332015
1000,0.021347841
1000,0.020735757
1000,0.020853663
1000,0.021389067
1000,0.022395799
1000,0.02413504
1000,0.02681192
1000,0.030330967
1000,0.03418234
1000,0.037523814
1000,0.039443336
1000,0.03929144
1000,0.036916416
1000,0.0326966
1000,0.027386408
1000,0.02186474
1000,0.016897354
1000,0.01299663
1000,0.010409676
1000,0.009214808
1000,0.009466981
1000,0.011312003
1000,0.015000895
1000,0.020777117
1000,0.028664963
1000,0.03823518
1000,0.048461568
1000,0.05778883
1000,0.06447136
1000,0.06711214
1000,0.06518443
1000,0.059268843
1000,0.05086539
1000,0.04187792
1000,0.034016818
1000,0.028349195
1000,0.025125097
1000,0.023894913
1000,0.023843085
1000,0.024210338
1000,0.024652792
1000,0.025394654
1000,0.027108474
1000,0.03056904
1000,0.036211316
1000,0.043767788
1000,0.052152645
1000,0.059683003
1000,0.06459598
1000,0.0656723
1000,0.06269326
1000,0.0565144
1000,0.04872418
1000,0.04106697
1000,0.03489418
1000,0.030843565
1000,0.028827615
1000,0.028294893
1000,0.028630238
1000,0.029508132
1000,0.031036329
1000,0.03363074
1000,0.037686083
1000,0.04319778
1000,0.049524672
1000,0.05543492
1000,0.05946126
1000,0.060437437
1000,0.05796892
1000,0.052606054
1000,0.045636762
1000,0.038611658
1000,0.03282798
1000,0.028972346
1000,0.027027953
1000,0.02645026
1000,0.026526965
1000,0.026768597
1000,0.027147878
1000,0.028076557
1000,0.03014443
1000,0.033744093
1000,0.038746335
1000,0.044377834
1000,0.04938303
1000,0.05243963
1000,0.05266656
1000,0.049989
1000,0.045180406
1000,0.03956639
1000,0.034536526
1000,0.031075576
1000,0.029487977
1000,0.029400237
1000,0.030027047
1000,0.03059322
1000,0.030733053
1000,0.030679421
1000,0.031147046
1000,0.032967802
1000,0.03664171
1000,0.04199089
1000,0.0480676
1000,0.053384244
1000,0.0564092
1000,0.05613534
1000,0.05245755
1000,0.04618285
1000,0.03870149
1000,0.031499747
1000,0.02572022
1000,0.021911202
1000,0.02001408
1000,0.01955178
1000,0.019916398
1000,0.020630525
1000,0.021482876
1000,0.022500403
1000,0.023795301
1000,0.025379183
1000,0.027046915
1000,0.028397225
1000,0.028986156
1000,0.028534798
1000,0.027078781
1000,0.024982894
1000,0.022813534
1000,0.021123081
1000,0.020242069
1000,0.020170374
1000,0.020617342
1000,0.021185035
1000,0.021630006
1000,0.0220928
1000,0.02318192
1000,0.02584394
1000,0.031021181
1000,0.039191816
1000,0.0499675
1000,0.06194054
1000,0.07291378
1000,0.0805077
1000,0.08295233
1000,0.0797347
1000,0.071797326
1000,0.061200034
1000,0.05042044
1000,0.041603
1000,0.036027405
1000,0.033934623
1000,0.034711003
1000,0.03731592
1000,0.04076604
1000,0.04448767
1000,0.048408017
1000,0.052753735
1000,0.057661112
1000,0.06281555
1000,0.06733619
1000,0.07000408
1000,0.06975072
1000,0.066166274
1000,0.059757035
1000,0.0518143
1000,0.043968987
1000,0.03764342
1000,0.0336212
1000,0.031879712
1000,0.031726945
1000,0.03218223
1000,0.032456506
1000,0.032345016
1000,0.03236358
1000,0.03354638
1000,0.03696745
1000,0.04317147
1000,0.051748987
1000,0.06125691
1000,0.06957463
1000,0.07461675
1000,0.07513703
1000,0.071255974
1000,0.06444417
1000,0.056974966
1000,0.05111138
1000,0.048355557
1000,0.049014326
1000,0.052209906
1000,0.05633051
1000,0.059770506
1000,0.06166599
1000,0.062285237
1000,0.062887505
1000,0.0651122
1000,0.0701532
1000,0.07806412
1000,0.087497644
1000,0.09602077
1000,0.10092395
1000,0.10021764
1000,0.09336839
1000,0.08143143
1000,0.0665902
1000,0.051397197
1000,0.03805645
1000,0.027974527
1000,0.021650981
1000,0.01884946
1000,0.018916896
1000,0.021105513
1000,0.0247863
1000,0.029497134
1000,0.034843605
1000,0.040338516
1000,0.0452959
1000,0.048871633
1000,0.05026316
1000,0.04897754
1000,0.045023933
1000,0.038931783
1000,0.031598657
1000,0.024047526
1000,0.017190054
1000,0.011664777
1000,0.00777747
1000,0.0055356305
1000,0.0047458643
1000,0.005133997
1000,0.006449298
1000,0.00852492
1000,0.011283771
1000,0.014694005
1000,0.01868751
1000,0.023065055
1000,0.027430072
1000,0.031202056
1000,0.03373629
1000,0.03451933
1000,0.03335614
1000,0.030462192
1000,0.026420519
1000,0.022022404
1000,0.018055122
1000,0.015113139
1000,0.013493303
1000,0.013203494
1000,0.014077105
1000,0.015950605
1000,0.018830163
1000,0.022957107
1000,0.028709177
1000,0.03634571
1000,0.045687396
1000,0.055880677
1000,0.06540193
1000,0.072379984
1000,0.07516388
1000,0.07290152
1000,0.06584984
1000,0.055279158
1000,0.043057982
1000,0.031125758
1000,0.02104426
1000,0.013737309
1000,0.009444895
1000,0.007855679
1000,0.008345871
1000,0.010241213
1000,0.0130283395
1000,0.016461357
1000,0.020537397
1000,0.025353864
1000,0.030896768
1000,0.036843024
1000,0.042479217
1000,0.046813615
1000,0.048874583
1000,0.048076928
1000,0.04447385
1000,0.03876772
1000,0.032089204
1000,0.025657143
1000,0.0204557
1000,0.017028715
1000,0.015436267
1000,0.015366342
1000,0.016354263
1000,0.01803544
1000,0.020341426
1000,0.023555567
1000,0.028187385
1000,0.034685977
1000,0.043082677
1000,0.05271495
1000,0.062190607
1000,0.069680534
1000,0.07348242
1000,0.07263269
1000,0.067282155
1000,0.05866395
1000,0.04868244
1000,0.039317783
1000,0.032082684
1000,0.027698588
1000,0.026054697
1000,0.026421221
1000,0.027825156
1000,0.029457536
1000,0.030967837
1000,0.032531306
1000,0.03466351
1000,0.037863716
1000,0.042243596
1000,0.047307447
1000,0.051995654
1000,0.05500059
1000,0.05523652
1000,0.052252885
1000,0.046397205
1000,0.038671978
1000,0.030388169
1000,0.022779327
1000,0.016710976
1000,0.012552727
1000,0.010215221
1000,0.009308368
1000,0.0093526775
1000,0.009970428
1000,0.0109935505
1000,0.012451077
1000,0.014449811
1000,0.017009888
1000,0.019934291
1000,0.022778017
1000,0.024943866
1000,0.025875462
1000,0.02526426
1000,0.023171857
1000,0.0200127
1000,0.016416216
1000,0.013038965
1000,0.010401381
1000,0.008794999
1000,0.008271581
1000,0.008699396
1000,0.009855909
1000,0.0115180565
1000,0.013515663
1000,0.015730444
1000,0.018045284
1000,0.020275114
1000,0.022130786
1000,0.02325656
1000,0.023338173
1000,0.022229949
1000,0.020034458
1000,0.017091688
1000,0.013881891
1000,0.010888124
1000,0.008474122
1000,0.006816202
1000,0.0059021944
1000,0.0055868477
1000,0.005677087
1000,0.006016521
1000,0.0065446566
1000,0.007312898
1000,0.008446149
1000,0.010056482
1000,0.012141946
1000,0.014517941
1000,0.016820498
1000,0.01859242
1000,0.01942459
1000,0.019095812
1000,0.017649744
1000,0.015374863
1000,0.012701725
1000,0.010069502
1000,0.007815894
1000,0.0061226436
1000,0.005023846
1000,0.004463575
1000,0.004375696
1000,0.004753508
1000,0.0056812186
1000,0.007313133
1000,0.009803257
1000,0.0132052405
1000,0.017375581
1000,0.021920027
1000,0.026221558
1000,0.029565582
1000,0.031332985
1000,0.031190295
1000,0.029193986
1000,0.025764894
1000,0.021555535
1000,0.017272767
1000,0.013524704
1000,0.010740888
1000,0.0091810785
1000,0.009014545
1000,0.010425969
1000,0.013689244
1000,0.01914775
1000,0.027064934
1000,0.037374023
1000,0.049424063
1000,0.061859366
1000,0.07276368
1000,0.08011535
1000,0.08243338
1000,0.0793356
1000,0.07172847
1000,0.061540343
1000,0.05112736
1000,0.042589996
1000,0.03723478
1000,0.03533704
1000,0.036251076
1000,0.038802058
1000,0.041809686
1000,0.04455951
1000,0.047048643
1000,0.049899764
1000,0.053969692
1000,0.059812505
1000,0.06721939
1000,0.07504325
1000,0.08143799
1000,0.08448279
1000,0.082948916
1000,0.07682978
1000,0.06736693
1000,0.056604035
1000,0.046710547
1000,0.03934675
1000,0.03526012
1000,0.034192618
1000,0.035083324
1000,0.036486857
1000,0.037099622
1000,0.036261782
1000,0.034270894
1000,0.03236177
1000,0.03232725
1000,0.035893198
1000,0.044035707
1000,0.056454845
1000,0.07140648
1000,0.08602052
1000,0.097080685
1000,0.10203129
1000,0.099802874
1000,0.09108872
1000,0.07799889
1000,0.0633113
1000,0.049647324
1000,0.038851906
1000,0.03173489
1000,0.028187549
1000,0.027569827
1000,0.029186063
1000,0.0326479
1000,0.03798333
1000,0.04545241
1000,0.055140212
1000,0.06650573
1000,0.07812647
1000,0.087837264
1000,0.09330628
1000,0.09286865
1000,0.08624415
1000,0.07474975
1000,0.06087888
1000,0.04747661
1000,0.03689075
1000,0.030388819
1000,0.027976291
1000,0.028614251
1000,0.030726291
1000,0.032810707
1000,0.033953834
1000,0.034093875
1000,0.033975832
1000,0.03482066
1000,0.03780499
1000,0.043517288
1000,0.05158543
1000,0.060632598
1000,0.068619035
1000,0.073487125
1000,0.07388061
1000,0.0696383
1000,0.061837707
1000,0.05237695
1000,0.043308713
1000,0.036213834
1000,0.03182488
1000,0.029979268
1000,0.029860862
1000,0.030410621
1000,0.030758852
1000,0.030539807
1000,0.02998571
1000,0.029773496
1000,0.030692128
1000,0.03325942
1000,0.03742958
1000,0.042507596
1000,0.047319725
1000,0.05059032
1000,0.051376794
1000,0.049377464
1000,0.04499795
1000,0.039169483
1000,0.033017002
1000,0.027533365
1000,0.02338519
1000,0.020896574
1000,0.020175789
1000,0.02130012
1000,0.0244599
1000,0.029976536
1000,0.038148355
1000,0.048948195
1000,0.0616926
1000,0.07486935
1000,0.08629508
1000,0.093653634
1000,0.09526376
1000,0.090738006
1000,0.08118167
1000,0.0688256
1000,0.05629051
1000,0.045807086
1000,0.03867088
1000,0.035076898
1000,0.03433118
1000,0.03531863
1000,0.03704254
1000,0.039042313
1000,0.041537844
1000,0.045242563
1000,0.05090648
1000,0.05876413
1000,0.06812598
1000,0.07732635
1000,0.08412595
1000,0.086472884
1000,0.08330863
1000,0.075010784
1000,0.06324541
1000,0.05035713
1000,0.038627025
1000,0.029678037
1000,0.024173688
1000,0.021840218
1000,0.02175646
1000,0.022799132
1000,0.024098866
1000,0.025355605
1000,0.026901083
1000,0.029484166
1000,0.033860087
1000,0.040339947
1000,0.04847743
1000,0.05703335
1000,0.064268686
1000,0.06848362
1000,0.06859284
1000,0.064497575
1000,0.05710895
1000,0.048029687
1000,0.0390426
1000,0.031617895
1000,0.026602788
1000,0.024158292
1000,0.023918344
1000,0.025280358
1000,0.027699793
1000,0.030866552
1000,0.034704335
1000,0.039216734
1000,0.044257775
1000,0.04934083
1000,0.053608924
1000,0.05603538
1000,0.05579827
1000,0.052646317
1000,0.047057327
1000,0.040106345
1000,0.033116575
1000,0.027254574
1000,0.023223354
1000,0.02114598
1000,0.020656459
1000,0.021144437
1000,0.022050805
1000,0.02310017
1000,0.024378376
1000,0.026220052
1000,0.028955197
1000,0.03262847
1000,0.036823016
1000,0.040687196
1000,0.04318308
1000,0.043466453
1000,0.04122016
1000,0.036783338
1000,0.031035816
1000,0.025108844
1000,0.02004791
1000,0.016548174
1000,0.014834722
1000,0.014703977
1000,0.015693016
1000,0.017304875
1000,0.019205207
1000,0.021324936
1000,0.023831567
1000,0.026972786
1000,0.030851705
1000,0.035228066
1000,0.039447647
1000,0.042568143
1000,0.043666106
1000,0.042207964
1000,0.038311582
1000,0.03276468
1000,0.0267884
1000,0.021660054
1000,0.01834665
1000,0.017260155
1000,0.018190393
1000,0.02042356
1000,0.02301165
1000,0.025114816
1000,0.02630655
1000,0.026736341
1000,0.027086811
1000,0.028328216
1000,0.031333603
1000,0.036472466
1000,0.04333576
1000,0.05072551
1000,0.056961216
1000,0.06043173
1000,0.060195528
1000,0.056372408
1000,0.05013277
1000,0.043285154
1000,0.037663046
1000,0.034568164
1000,0.03445777
1000,0.036950976
1000,0.041118663
1000,0.045929715
1000,0.05067387
1000,0.055192277
1000,0.0598184
1000,0.06504549
1000,0.071064234
1000,0.077403255
1000,0.082888454
1000,0.085997365
1000,0.08547076
1000,0.08088281
1000,0.07286779
1000,0.062895246
1000,0.05273988
1000,0.043905303
1000,0.037224006
1000,0.0327544
1000,0.029982008
1000,0.028224094
1000,0.027058026
1000,0.026587568
1000,0.02744184
1000,0.030506378
1000,0.03647848
1000,0.045404635
1000,0.056380767
1000,0.06757315
1000,0.076631464
1000,0.08140722
1000,0.080703594
1000,0.07470229
1000,0.06486566
1000,0.05339418
1000,0.04251142
1000,0.033861022
1000,0.028200658
1000,0.025442667
1000,0.024970528
1000,0.026077708
1000,0.028348295
1000,0.03183213
1000,0.036941487
1000,0.04410656
1000,0.053338397
1000,0.06389989
1000,0.0742583
1000,0.082401104
1000,0.086449124
1000,0.08533198
1000,0.079208076
1000,0.06941584
1000,0.057994097
1000,0.04700705
1000,0.037954193
1000,0.031461887
1000,0.027320022
1000,0.024797663
1000,0.0230794
1000,0.021648133
1000,0.020496814
1000,0.020122604
1000,0.021316811
1000,0.024816927
1000,0.030927336
1000,0.039233632
1000,0.048528664
1000,0.057026997
1000,0.06285311
1000,0.06465245
1000,0.062067524
1000,0.055862892
1000,0.047658797
1000,0.0394061
1000,0.032815438
1000,0.028935153
1000,0.027986651
1000,0.029467981
1000,0.032457903
1000,0.036006358
1000,0.039483294
1000,0.042771064
1000,0.046219088
1000,0.05035192
1000,0.0554482
1000,0.061196916
1000,0.066619135
1000,0.070332766
1000,0.07107185
1000,0.06822362
1000,0.062113944
1000,0.05390032
1000,0.045148652
1000,0.03731154
1000,0.031324625
1000,0.027444387
1000,0.025338138
1000,0.024352029
1000,0.023842018
1000,0.023455746
1000,0.023277849
1000,0.023785012
1000,0.02561488
1000,0.029232467
1000,0.034625996
1000,0.041158777
1000,0.047657583
1000,0.052735005
1000,0.05523865
1000,0.054645974
1000,0.05123684
1000,0.045973435
1000,0.040151384
1000,0.03498105
1000,0.031267505
1000,0.029297167
1000,0.02894844
1000,0.029957924
1000,0.032215923
1000,0.035946123
1000,0.04165542
1000,0.049826168
1000,0.060456995
1000,0.07267278
1000,0.084639534
1000,0.093917355
1000,0.098182626
1000,0.09603877
1000,0.087562636
1000,0.074355826
1000,0.05909157
1000,0.044746354
1000,0.033811398
1000,0.027730573
1000,0.026685994
1000,0.029734442
1000,0.035213053
1000,0.0412833
1000,0.046467215
1000,0.05003775
1000,0.052158967
1000,0.053720247
1000,0.055888977
1000,0.059527438
1000,0.06471297
1000,0.070579976
1000,0.07557194
1000,0.07800959
1000,0.07673154
1000,0.07153238
1000,0.06322247
1000,0.05331339
1000,0.04350222
1000,0.035184976
1000,0.029169768
1000,0.025646348
1000,0.024367819
1000,0.024939075
1000,0.027088456
1000,0.030814618
1000,0.036347345
1000,0.04392261
1000,0.0534395
1000,0.064144515
1000,0.074532874
1000,0.082602374
1000,0.08643505
1000,0.084882095
1000,0.07802314
1000,0.0671744
1000,0.054474358
1000,0.04225834
1000,0.0324684
1000,0.026268762
1000,0.023928193
1000,0.024945062
1000,0.028335607
1000,0.032986395
1000,0.037970886
1000,0.04273454
1000,0.04708109
1000,0.050977897
1000,0.05430447
1000,0.056700297
1000,0.057608366
1000,0.056498345
1000,0.053146124
1000,0.047813896
1000,0.04123841
1000,0.034440383
1000,0.028443351
1000,0.024005093
1000,0.021449447
1000,0.020648053
1000,0.021148082
1000,0.022391642
1000,0.02395238
1000,0.025720092
1000,0.027975474
1000,0.031315062
1000,0.0364226
1000,0.043730397
1000,0.05307377
1000,0.06349272
1000,0.073316604
1000,0.08056422
1000,0.08355273
1000,0.08149112
1000,0.0747926
1000,0.06495767
1000,0.05409181
1000,0.044279516
1000,0.03705126
1000,0.033097766
1000,0.032280095
1000,0.033887208
1000,0.03702494
1000,0.04099696
1000,0.04554366
1000,0.050839193
1000,0.057225674
1000,0.06478643
1000,0.07297085
1000,0.08049559
1000,0.085632645
1000,0.08680512
1000,0.08323272
1000,0.075307645
1000,0.06452056
1000,0.0529933
1000,0.04284253
1000,0.035611387
1000,0.031933438
1000,0.031502504
1000,0.033333633
1000,0.036220394
1000,0.03923359
1000,0.04208189
1000,0.045180473
1000,0.049378008
1000,0.05543714
1000,0.063479275
1000,0.0726431
1000,0.08114317
1000,0.08676568
1000,0.087643944
1000,0.08300079
1000,0.0735112
1000,0.061107162
1000,0.048351917
1000,0.03768383
1000,0.030794645
1000,0.028291304
1000,0.029677588
1000,0.033609487
1000,0.03833772
1000,0.042233158
1000,0.0442675
1000,0.044300497
1000,0.043060485
1000,0.041817546
1000,0.041862104
1000,0.043971587
1000,0.048059918
1000,0.053145457
1000,0.057665154
1000,0.060033582
1000,0.059240315
1000,0.055237822
1000,0.048951715
1000,0.041931026
1000,0.03581174
1000,0.031811953
1000,0.030427145
1000,0.031404007
1000,0.03397511
1000,0.037247963
1000,0.040583808
1000,0.043807723
1000,0.04716918
1000,0.051087912
1000,0.055801433
1000,0.061059933
1000,0.066023484
1000,0.06945035
1000,0.070126064
1000,0.06734569
1000,0.061216008
1000,0.05265686
1000,0.043135915
1000,0.034255847
1000,0.027345035
1000,0.023179868
1000,0.021901496
1000,0.02311806
1000,0.026127357
1000,0.030169602
1000,0.034627892
1000,0.039125588
1000,0.04349945
1000,0.047659118
1000,0.051400382
1000,0.054297112
1000,0.055768847
1000,0.055307973
1000,0.052736077
1000,0.048333842
1000,0.04278576
1000,0.036977716
1000,0.031736836
1000,0.02762225
1000,0.02484111
1000,0.023300583
1000,0.022762012
1000,0.02303752
1000,0.024145285
1000,0.026340906
1000,0.029991673
1000,0.035330426
1000,0.04218266
1000,0.04979819
1000,0.05689844
1000,0.06197351
1000,0.06375135
1000,0.061646823
1000,0.05598438
1000,0.047917746
1000,0.03910092
1000,0.031233864
1000,0.025635635
1000,0.022968588
1000,0.023168834
1000,0.025572872
1000,0.029182415
1000,0.03297768
1000,0.03618426
1000,0.03842578
1000,0.0397345
1000,0.040428225
1000,0.04089423
1000,0.04135868
1000,0.041751206
1000,0.041740146
1000,0.04092266
1000,0.039069492
1000,0.036294766
1000,0.03306132
1000,0.030014424
1000,0.02773115
1000,0.026514351
1000,0.026325537
1000,0.026879463
1000,0.02784758
1000,0.02907295
1000,0.030702146
1000,0.033165935
1000,0.036984485
1000,0.04244812
1000,0.049305536
1000,0.056625437
1000,0.06295166
1000,0.06674841
1000,0.06697744
1000,0.06354266
1000,0.057372157
1000,0.050098285
1000,0.04349836
1000,0.038939297
1000,0.03702718
1000,0.03756353
1000,0.039793525
1000,0.042830497
1000,0.0460854
1000,0.049535725
1000,0.05371296
1000,0.05937367
1000,0.066968694
1000,0.076149195
1000,0.08556782
1000,0.09312859
1000,0.09664245
1000,0.09463683
1000,0.08697786
1000,0.0750333
1000,0.06129424
1000,0.04862898
1000,0.039472736
1000,0.035214808
1000,0.035935298
1000,0.04053505
1000,0.047199465
1000,0.054043416
1000,0.059726898
1000,0.06383936
1000,0.06692035
1000,0.07009355
1000,0.074436866
1000,0.080335625
1000,0.087100476
1000,0.09305267
1000,0.09608824
1000,0.09450097
1000,0.087692745
1000,0.07644603
1000,0.06265707
1000,0.048701618
1000,0.03672772
1000,0.028127393
1000,0.023321742
1000,0.021875141
1000,0.0228597
1000,0.025328051
1000,0.028722402
1000,0.033063136
1000,0.038826138
1000,0.046544753
1000,0.056303952
1000,0.0673567
1000,0.0780674
1000,0.086267844
1000,0.08992923
1000,0.0878846
1000,0.08028198
1000,0.0685747
1000,0.055065732
1000,0.042213958
1000,0.031973835
1000,0.025376381
1000,0.022442948
1000,0.022413086
1000,0.024181945
1000,0.02678635
1000,0.029770643
1000,0.033299673
1000,0.037963867
1000,0.04434722
1000,0.05254398
1000,0.06184513
1000,0.070758514
1000,0.07739613
1000,0.08009627
1000,0.0780211
1000,0.07147152
1000,0.061786786
1000,0.0508795
1000,0.040626265
1000,0.03236662
1000,0.026667545
1000,0.023388725
1000,0.021976972
1000,0.021849986
1000,0.022722721
1000,0.024766067
1000,0.028534453
1000,0.034670837
1000,0.043480754
1000,0.0545405
1000,0.06652857
1000,0.07740977
1000,0.08496326
1000,0.08748168
1000,0.08435513
1000,0.07628067
1000,0.06501601
1000,0.052806135
1000,0.04173089
1000,0.03321244
1000,0.027817532
1000,0.025362445
1000,0.025228849
1000,0.026745714
1000,0.029487774
1000,0.033379976
1000,0.03857572
1000,0.04517256
1000,0.052901432
1000,0.060943775
1000,0.06799546
1000,0.07259766
1000,0.07361884
1000,0.070683524
1000,0.064352036
1000,0.055963505
1000,0.04721178
1000,0.03963265
1000,0.03419553
1000,0.031131295
1000,0.030033134
1000,0.03016823
1000,0.030862492
1000,0.031798817
1000,0.033106998
1000,0.03521747
1000,0.038555708
1000,0.04321497
1000,0.048752144
1000,0.054205835
1000,0.05834728
1000,0.06007171
1000,0.05877339
1000,0.054554604
1000,0.04819446
1000,0.04090505
1000,0.033978038
1000,0.028457103
1000,0.024942476
1000,0.023561848
1000,0.024070552
1000,0.026005825
1000,0.028829843
1000,0.03201977
1000,0.035086636
1000,0.037556525
1000,0.03898218
1000,0.039022114
1000,0.037560426
1000,0.034797564
1000,0.03123452
1000,0.027521681
1000,0.024237137
1000,0.021699924
1000,0.019895336
1000,0.018535454
1000,0.017225388
1000,0.015669798
1000,0.0138443755
1000,0.012073338
1000,0.010982942
1000,0.011339471
1000,0.013809032
1000,0.018693574
1000,0.025720177
1000,0.033971813
1000,0.04202536
1000,0.048299327
1000,0.051517803
1000,0.05111402
1000,0.047399003
1000,0.041434422
1000,0.034686707
1000,0.028603539
1000,0.024251686
1000,0.022121381
1000,0.022139851
1000,0.02386539
1000,0.0267727
1000,0.030511104
1000,0.03503834
1000,0.04057745
1000,0.047397558
1000,0.05549201
1000,0.06430277
1000,0.07266089
1000,0.07904368
1000,0.08209727
1000,0.0812002
1000,0.07677475
1000,0.070175394
1000,0.063214585
1000,0.057540175
1000,0.054106172
1000,0.05293312
1000,0.053247876
1000,0.053949177
1000,0.05420696
1000,0.053930875
1000,0.053895634
1000,0.05545879
1000,0.05995963
1000,0.06801333
1000,0.078987144
1000,0.090918235
1000,0.10098654
1000,0.10642213
1000,0.10548595
1000,0.09808159
1000,0.085735336
1000,0.07100353
1000,0.056606986
1000,0.044646513
1000,0.03615199
1000,0.03105454
1000,0.02851937
1000,0.02747219
1000,0.02711321
1000,0.027244749
1000,0.028312504
1000,0.03115419
1000,0.036547527
1000,0.044721615
1000,0.05502316
1000,0.065894194
1000,0.07521603
1000,0.08092809
1000,0.08169735
1000,0.07736807
1000,0.069008045
1000,0.058543794
1000,0.048147954
1000,0.039624695
1000,0.034004003
1000,0.031448312
1000,0.03145253
1000,0.03322311
1000,0.03607476
1000,0.039699964
1000,0.044224348
1000,0.050025843
1000,0.057370607
1000,0.066008545
1000,0.07493256
1000,0.08247188
1000,0.08675181
1000,0.08635981
1000,0.080922395
1000,0.071306884
1000,0.059331443
1000,0.047142938
1000,0.036572907
1000,0.028719418
1000,0.023855543
1000,0.021631373
1000,0.02144535
1000,0.022823147
1000,0.025658116
1000,0.03022303
1000,0.036941662
1000,0.045996215
1000,0.05692918
1000,0.068439215
1000,0.078527585
1000,0.08501817
1000,0.08628941
1000,0.08190799
1000,0.07284422
1000,0.061159696
1000,0.049337804
1000,0.039551962
1000,0.033118844
1000,0.030272169
1000,0.03027868
1000,0.031821907
1000,0.033517208
1000,0.03440444
1000,0.034273308
1000,0.033703286
1000,0.033782594
1000,0.035608243
1000,0.039762955
1000,0.045970183
1000,0.053065438
1000,0.059317388
1000,0.0630074
1000,0.06305959
1000,0.059456043
1000,0.0532365
1000,0.0460877
1000,0.039733954
1000,0.0353888
1000,0.033451084
1000,0.033522334
1000,0.03471667
1000,0.036136206
1000,0.037320185
1000,0.03847395
1000,0.040364534
1000,0.043917365
1000,0.04968341
1000,0.05740711
1000,0.065897144
1000,0.073291704
1000,0.07764737
1000,0.07762703
1000,0.072994955
1000,0.06469955
1000,0.05451836
1000,0.044450935
1000,0.036119916
1000,0.030383036
1000,0.02724807
1000,0.026068684
1000,0.025913468
1000,0.025966674
1000,0.025827644
1000,0.025612967
1000,0.025831517
1000,0.027085233
1000,0.029718649
1000,0.033561334
1000,0.03787575
1000,0.041549314
1000,0.043473
1000,0.04296139
1000,0.04002568
1000,0.03536574
1000,0.030098982
1000,0.025370922
1000,0.022012817
1000,0.020356929
1000,0.020244636
1000,0.021195518
1000,0.022658339
1000,0.024245964
1000,0.025868181
1000,0.02771434
1000,0.030088179
1000,0.033160336
1000,0.036755234
1000,0.040286947
1000,0.04289904
1000,0.043766856
1000,0.042428557
1000,0.038982682
1000,0.03405816
1000,0.028585644
1000,0.02349029
1000,0.019437827
1000,0.016718432
1000,0.01529048
1000,0.01494927
1000,0.015541841
1000,0.017129833
1000,0.020016434
1000,0.02460297
1000,0.031110145
1000,0.039276402
1000,0.048185695
1000,0.056351602
1000,0.06209509
1000,0.06411175
1000,0.061990093
1000,0.05642774
1000,0.049034454
1000,0.041810565
1000,0.0365264
1000,0.03423347
1000,0.03505615
1000,0.038308434
1000,0.042877883
1000,0.047731478
1000,0.05235008
1000,0.056905042
1000,0.062064823
1000,0.06849305
1000,0.07627678
1000,0.08457457
1000,0.09168997
1000,0.09560181
1000,0.094754495
1000,0.08873138
1000,0.07847599
1000,0.06597965
1000,0.053612404
1000,0.04339447
1000,0.03646902
1000,0.032918535
1000,0.031942945
1000,0.03231034
1000,0.032914676
1000,0.03324988
1000,0.03362823
1000,0.035039872
1000,0.038687963
1000,0.04537133
1000,0.054954544
1000,0.066150256
1000,0.07674555
1000,0.08424331
1000,0.0867015
1000,0.08341747
1000,0.07514661
1000,0.06379546
1000,0.051773276
1000,0.041271504
1000,0.033712693
1000,0.029517531
1000,0.028223326
1000,0.028880501
1000,0.030572489
1000,0.03286062
1000,0.03596949
1000,0.040618647
1000,0.04755943
1000,0.057012245
1000,0.068247736
1000,0.07951806
1000,0.08843482
1000,0.09271024
1000,0.09098865
1000,0.08339324
1000,0.07150735
1000,0.05780254
1000,0.044810172
1000,0.034393646
1000,0.027353367
1000,0.023436986
1000,0.02169512
1000,0.021031257
1000,0.020742841
1000,0.020849729
1000,0.022091545
1000,0.025606256
1000,0.032403763
1000,0.042811185
1000,0.056084905
1000,0.070355766
1000,0.082993545
1000,0.091334246
1000,0.09353568
1000,0.08920625
1000,0.079518385
1000,0.066778876
1000,0.05367139
1000,0.042477496
1000,0.034536116
1000,0.03007442
1000,0.028410597
1000,0.028422607
1000,0.029110217
1000,0.03005047
1000,0.03157107
1000,0.034568023
1000,0.040032905
1000,0.048468024
1000,0.059419222
1000,0.07133373
1000,0.08185041
1000,0.08846781
1000,0.08936844
1000,0.08406931
1000,0.07359696
1000,0.060113546
1000,0.046206847
1000,0.034159068
1000,0.02543435
1000,0.020492928
1000,0.018922947
1000,0.019805012
1000,0.0221776
1000,0.025442393
1000,0.029549628
1000,0.034877934
1000,0.041867014
1000,0.050568435
1000,0.06030915
1000,0.069640025
1000,0.07665666
1000,0.079619296
1000,0.07761877
1000,0.07096035
1000,0.06107747
1000,0.050051518
1000,0.03997125
1000,0.032374036
1000,0.02793361
1000,0.026452962
1000,0.027124414
1000,0.028950877
1000,0.03118
1000,0.033591084
1000,0.036520742
1000,0.040617328
1000,0.046423417
1000,0.053953648
1000,0.062445633
1000,0.07041664
1000,0.07605639
1000,0.0778366
1000,0.07508518
1000,0.06824597
1000,0.058698017
1000,0.048253424
1000,0.03858659
1000,0.030820796
1000,0.02538746
1000,0.022151567
1000,0.020711372
1000,0.020738024
1000,0.022211818
1000,0.025446577
1000,0.030878238
1000,0.038698673
1000,0.048496194
1000,0.059085697
1000,0.06865495
1000,0.07522755
1000,0.0772875
1000,0.0742974
1000,0.06687335
1000,0.056553856
1000,0.045286365
1000,0.034856353
1000,0.026465246
1000,0.020567803
1000,0.016972154
1000,0.01512465
1000,0.014457339
1000,0.014666999
1000,0.015831208
1000,0.018330544
1000,0.022607809
1000,0.028847432
1000,0.036697246
1000,0.045165274
1000,0.05277879
1000,0.057990417
1000,0.059686836
1000,0.057568934
1000,0.05223273
1000,0.04495639
1000,0.037305407
1000,0.030699804
1000,0.026080674
1000,0.023765948
1000,0.023514545
1000,0.024751324
1000,0.026855886
1000,0.029402852
1000,0.032269705
1000,0.035567924
1000,0.03942094
1000,0.043705765
1000,0.047910877
1000,0.051208325
1000,0.052726697
1000,0.051897574
1000,0.048699956
1000,0.043685224
1000,0.03778271
1000,0.031980634
1000,0.027020758
1000,0.023224033
1000,0.02050274
1000,0.018540753
1000,0.017060708
1000,0.01606559
1000,0.015950851
1000,0.017431198
1000,0.02128998
1000,0.028019834
1000,0.037473504
1000,0.048665687
1000,0.05984546
1000,0.068887696
1000,0.07392034
1000,0.07396159
1000,0.06928298
1000,0.061312433
1000,0.052131068
1000,0.043803915
1000,0.037806563
1000,0.03472889
1000,0.03431367
1000,0.03577083
1000,0.038226873
1000,0.041134253
1000,0.04448526
1000,0.0487492
1000,0.054546546
1000,0.062174182
1000,0.071191266
1000,0.08029119
1000,0.087584436
1000,0.09123194
1000,0.09016685
1000,0.084549926
1000,0.07571692
1000,0.065652564
1000,0.056270093
1000,0.048817948
1000,0.043623377
1000,0.04022479
1000,0.037803523
1000,0.03572817
1000,0.033990704
1000,0.033342812
1000,0.03504732
1000,0.040320516
1000,0.049678806
1000,0.06245228
1000,0.07668805
1000,0.08954841
1000,0.09812323
1000,0.10038134
1000,0.0958849
1000,0.08593988
1000,0.073096566
1000,0.06024656
1000,0.049715135
1000,0.04267268
1000,0.039018504
1000,0.037713837
1000,0.03739617
1000,0.03703206
1000,0.036377456
1000,0.036092203
1000,0.03746266
1000,0.04181985
1000,0.049862325
1000,0.061138626
1000,0.073908694
1000,0.0854934
1000,0.09304439
1000,0.09446657
1000,0.08912705
1000,0.0780547
1000,0.06355659
1000,0.048449602
1000,0.035241142
1000,0.025535882
1000,0.019802848
1000,0.01750603
1000,0.017507007
1000,0.018589886
1000,0.01993615
1000,0.021397099
1000,0.023481281
1000,0.02707236
1000,0.032979652
1000,0.041474164
1000,0.05197659
1000,0.06303819
1000,0.072671115
1000,0.07894911
1000,0.08065774
1000,0.077709794
1000,0.07113257
1000,0.0626468
1000,0.05404996
1000,0.046670973
1000,0.041095518
1000,0.037231762
1000,0.03464698
1000,0.032995425
1000,0.032327604
1000,0.03314112
1000,0.03614956
1000,0.04186498
1000,0.050173186
1000,0.060096364
1000,0.06988295
1000,0.07744574
1000,0.08102103
1000,0.07979291
1000,0.074185066
1000,0.065663874
1000,0.056167994
1000,0.047449008
1000,0.04058862
1000,0.03583709
1000,0.032780986
1000,0.030745385
1000,0.029264607
1000,0.028422289
1000,0.028904215
1000,0.031727947
1000,0.03775156
1000,0.04714935
1000,0.05906494
1000,0.07161011
1000,0.08227413
1000,0.08865642
1000,0.08927112
1000,0.08407741
1000,0.07447474
1000,0.06277501
1000,0.051420715
1000,0.04226758
1000,0.03615957
1000,0.032889362
1000,0.031510938
1000,0.030878251
1000,0.030216735
1000,0.029510181
1000,0.029542958
1000,0.031577174
1000,0.036788765
1000,0.04566528
1000,0.05758591
1000,0.07076274
1000,0.08261859
1000,0.09052246
1000,0.0926376
1000,0.08853721
1000,0.0793104
1000,0.06712768
1000,0.054493546
1000,0.043509185
1000,0.035392843
1000,0.030367924
1000,0.027898002
1000,0.027144827
1000,0.027461626
1000,0.02871808
1000,0.0313146
1000,0.035883278
1000,0.04281876
1000,0.051854447
1000,0.061887145
1000,0.07116576
1000,0.07781011
1000,0.0804605
1000,0.07876578
1000,0.073469296
1000,0.06605653
1000,0.058161188
1000,0.05101802
1000,0.045182303
1000,0.040590107
1000,0.036885507
1000,0.033844706
1000,0.03169891
1000,0.031196637
1000,0.033351917
1000,0.038965605
1000,0.04811127
1000,0.05980892
1000,0.07206385
1000,0.08232998
1000,0.088287264
1000,0.08864614
1000,0.08362462
1000,0.07486712
1000,0.06483714
1000,0.05595952
1000,0.04985609
1000,0.04693009
1000,0.046406757
1000,0.046783604
1000,0.04651318
1000,0.044665802
1000,0.041324813
1000,0.037575193
1000,0.035111737
1000,0.035617165
1000,0.04010999
1000,0.0484611
1000,0.059249464
1000,0.07004921
1000,0.078110054
1000,0.08123324
1000,0.07851382
1000,0.070625484
1000,0.059524063
1000,0.04773873
1000,0.037576478
1000,0.03052122
1000,0.026979616
1000,0.026394159
1000,0.027636342
1000,0.02952557
1000,0.031301644
1000,0.032894354
1000,0.034892302
1000,0.038220283
1000,0.043643437
1000,0.05128467
1000,0.06035154
1000,0.06921892
1000,0.07589567
1000,0.078730285
1000,0.07705482
1000,0.07144931
1000,0.063494526
1000,0.05515692
1000,0.048108872
1000,0.043255728
1000,0.04061174
1000,0.039522056
1000,0.039105605
1000,0.038726244
1000,0.038300116
1000,0.03831027
1000,0.03952339
1000,0.04253926
1000,0.047374584
1000,0.053269915
1000,0.058828667
1000,0.062463753
1000,0.06297706
1000,0.06001298
1000,0.05418626
1000,0.046844475
1000,0.039585393
1000,0.03373176
1000,0.02995353
1000,0.028149234
1000,0.027601663
1000,0.027340753
1000,0.026593897
1000,0.025177062
1000,0.023682918
1000,0.023370085
1000,0.02575589
1000,0.0320254
1000,0.042452294
1000,0.056049645
1000,0.07062273
1000,0.083283864
1000,0.09131261
1000,0.09305205
1000,0.08845873
1000,0.07906822
1000,0.067419104
1000,0.05620692
1000,0.04749882
1000,0.042261314
1000,0.040310733
1000,0.040641926
1000,0.041973494
1000,0.043305136
1000,0.04430063
1000,0.045368608
1000,0.047408227
1000,0.051309202
1000,0.057405468
1000,0.06512
1000,0.07297761
1000,0.0790264
1000,0.081524305
1000,0.07959962
1000,0.073587455
1000,0.06490869
1000,0.05556855
1000,0.047485176
1000,0.041903827
1000,0.03909222
1000,0.03839573
1000,0.03861165
1000,0.038545635
1000,0.037552334
1000,0.03585162
1000,0.03448374
1000,0.03490832
1000,0.038390446
1000,0.0453986
1000,0.055242043
1000,0.066108495
1000,0.07554055
1000,0.081219
1000,0.08176443
1000,0.07722331
1000,0.06901963
1000,0.05939991
1000,0.050636534
1000,0.044316743
1000,0.04095436
1000,0.04001895
1000,0.040336136
1000,0.04069681
1000,0.040443223
1000,0.03979492
1000,0.039776303
1000,0.041772854
1000,0.046881206
1000,0.05530188
1000,0.066026345
1000,0.076978564
1000,0.085605025
1000,0.08971426
1000,0.08823661
1000,0.08157912
1000,0.07142636
1000,0.060109966
1000,0.04984211
1000,0.042104375
1000,0.037373375
1000,0.03522463
1000,0.0347309
1000,0.034989145
1000,0.035569873
1000,0.03671101
1000,0.039190315
1000,0.043927327
1000,0.051449697
1000,0.061424665
1000,0.07247607
1000,0.08242968
1000,0.08895735
1000,0.09038418
1000,0.08630106
1000,0.077695295
1000,0.06656643
1000,0.055237554
1000,0.0456483
1000,0.038872465
1000,0.034990244
1000,0.03330753
1000,0.03279899
1000,0.03259565
1000,0.032347262
1000,0.032340378
1000,0.033339255
1000,0.036214687
1000,0.041492328
1000,0.048979208
1000,0.057618
1000,0.06566514
1000,0.07117466
1000,0.07262536
1000,0.06944573
1000,0.06221764
1000,0.052480776
1000,0.04223616
1000,0.033354823
1000,0.027098058
1000,0.023882804
1000,0.023332493
1000,0.024570702
1000,0.02664508
1000,0.028921591
1000,0.031293683
1000,0.034120865
1000,0.037925065
1000,0.042982187
1000,0.04900042
1000,0.05504836
1000,0.059793122
1000,0.061967626
1000,0.060872316
1000,0.05668861
1000,0.0504501
1000,0.04367329
1000,0.037815243
1000,0.03379505
1000,0.031756375
1000,0.031137068
1000,0.031002164
1000,0.030500093
1000,0.029246794
1000,0.027480563
1000,0.025947664
1000,0.025587399
1000,0.027138842
1000,0.030801933
1000,0.03606969
1000,0.04180501
1000,0.046557963
1000,0.0490259
1000,0.048490316
1000,0.045055576
1000,0.03958403
1000,0.033364426
1000,0.027672382
1000,0.023401335
1000,0.020881958
1000,0.019922322
1000,0.02002171
1000,0.020653334
1000,0.02149083
1000,0.022484621
1000,0.023773538
1000,0.025497483
1000,0.027613284
1000,0.029806832
1000,0.031551946
1000,0.03229597
1000,0.03168782
1000,0.029742371
1000,0.02685268
1000,0.023639945
1000,0.020725986
1000,0.018535214
1000,0.017198624
1000,0.016586281
1000,0.016448826
1000,0.01660869
1000,0.017118722
1000,0.018312247
1000,0.020703306
1000,0.024748169
1000,0.030549733
1000,0.037635442
1000,0.044931423
1000,0.05099457
1000,0.05446236
1000,0.054558497
1000,0.051433604
1000,0.046171013
1000,0.040431645
1000,0.035887893
1000,0.033676602
1000,0.034064766
1000,0.036433116
1000,0.039575186
1000,0.042197898
1000,0.043427452
1000,0.043112285
1000,0.04179927
1000,0.040412284
1000,0.039795026
1000,0.04032297
1000,0.041742478
1000,0.043294586
1000,0.04405896
1000,0.043358684
1000,0.041053843
1000,0.037610013
1000,0.033922102
1000,0.030976703
1000,0.029494004
1000,0.029686477
1000,0.031220403
1000,0.033389416
1000,0.03543646
1000,0.03690579
1000,0.037885733
1000,0.039034203
1000,0.04134607
1000,0.045715284
1000,0.052454334
1000,0.060986087
1000,0.06987629
1000,0.07724321
1000,0.081408724
1000,0.081525505
1000,0.07790945
1000,0.071912676
1000,0.065377116
1000,0.0599244
1000,0.056398135
1000,0.054671776
1000,0.053864725
1000,0.05285122
1000,0.050849494
1000,0.047864225
1000,0.04479927
1000,0.043171223
1000,0.044526134
1000,0.04977493
1000,0.05868489
1000,0.06972753
1000,0.080388375
1000,0.087889306
1000,0.09009089
1000,0.0862182
1000,0.07709952
1000,0.064828515
1000,0.052031275
1000,0.04105661
1000,0.033367727
1000,0.029290838
1000,0.02814338
1000,0.028654264
1000,0.029521458
1000,0.029934868
1000,0.029906346
1000,0.030291673
1000,0.03247928
1000,0.037828855
1000,0.047035094
1000,0.05964086
1000,0.07390645
1000,0.08714787
1000,0.096496135
1000,0.09983438
1000,0.09652632
1000,0.087597646
1000,0.07530242
1000,0.062311113
1000,0.050882906
1000,0.04232276
1000,0.036864918
1000,0.033952106
1000,0.032747034
1000,0.0326544
1000,0.033651233
1000,0.03629522
1000,0.041395374
1000,0.049470805
1000,0.060229618
1000,0.072314024
1000,0.0834767
1000,0.091189206
1000,0.09347399
1000,0.089609765
1000,0.08040177
1000,0.06790807
1000,0.054766305
1000,0.043410383
1000,0.035449807
1000,0.031374674
1000,0.030626353
1000,0.031968184
1000,0.034017257
1000,0.035768516
1000,0.036957607
1000,0.038149808
1000,0.040495813
1000,0.045204576
1000,0.052918635
1000,0.06323632
1000,0.074592285
1000,0.08460046
1000,0.090787634
1000,0.09144584
1000,0.08623164
1000,0.07625457
1000,0.06364389
1000,0.05082572
1000,0.039826144
1000,0.03183308
1000,0.027107673
1000,0.025201099
1000,0.02533845
1000,0.026796386
1000,0.029134542
1000,0.03221588
1000,0.036037285
1000,0.04047194
1000,0.045066424
1000,0.049014542
1000,0.05135355
1000,0.0513146
1000,0.04865553
1000,0.043801535
1000,0.037730936
1000,0.031666268
1000,0.026697492
1000,0.023474118
1000,0.02206471
1000,0.022014441
1000,0.022568023
1000,0.022978365
1000,0.022797747
1000,0.022064708
1000,0.021327354
1000,0.021474803
1000,0.023412516
1000,0.027685802
1000,0.034185164
1000,0.042051487
1000,0.04984369
1000,0.055939104
1000,0.059033327
1000,0.058552373
1000,0.05481057
1000,0.048848387
1000,0.042040266
1000,0.035654325
1000,0.030529384
1000,0.026965152
1000,0.02482824
1000,0.023793414
1000,0.023603706
1000,0.02424284
1000,0.025951225
1000,0.029075677
1000,0.033811495
1000,0.039949253
1000,0.04675207
1000,0.05305152
1000,0.05756235
1000,0.05930209
1000,0.057934854
1000,0.05388035
1000,0.048137058
1000,0.041913353
1000,0.036236938
1000,0.031695455
1000,0.028389206
1000,0.026090147
1000,0.024531288
1000,0.023711286
1000,0.024086777
1000,0.026535101
1000,0.032045554
1000,0.041224837
1000,0.053801537
1000,0.06835373
1000,0.08243981
1000,0.09318018
1000,0.09813998
1000,0.09617111
1000,0.08782264
1000,0.075118035
1000,0.06081904
1000,0.04752878
1000,0.036993448
1000,0.029809168
1000,0.025561174
1000,0.023278251
1000,0.022004176
1000,0.021274848
1000,0.021340381
1000,0.023063129
1000,0.027527109
1000,0.035489205
1000,0.04686461
1000,0.060447372
1000,0.074014455
1000,0.084848665
1000,0.09054915
1000,0.08982582
1000,0.082931
1000,0.0715476
1000,0.058209516
1000,0.045511585
1000,0.03540547
1000,0.028796302
1000,0.025522023
1000,0.024672193
1000,0.025107056
1000,0.025988651
1000,0.027146382
1000,0.02915085
1000,0.033047024
1000,0.03982313
1000,0.049815215
1000,0.06229209
1000,0.07541841
1000,0.08667039
1000,0.09359381
1000,0.09460887
1000,0.089520484
1000,0.07953294
1000,0.0667905
1000,0.053665303
1000,0.042089097
1000,0.033151083
1000,0.027054451
1000,0.023391241
1000,0.021591192
1000,0.021349877
1000,0.02285797
1000,0.026737258
1000,0.033703383
1000,0.04407569
1000,0.057316512
1000,0.071804844
1000,0.085014954
1000,0.094144575
1000,0.09702337
1000,0.09292147
1000,0.08284811
1000,0.0691973
1000,0.05494996
1000,0.04278681
1000,0.0344163
1000,0.030292181
1000,0.029747834
1000,0.031447623
1000,0.033970803
1000,0.036316916
1000,0.038169626
1000,0.03986051
1000,0.042076487
1000,0.045434594
1000,0.050089873
1000,0.05553117
1000,0.0606629
1000,0.064169504
1000,0.06502562
1000,0.06291597
1000,0.058367986
1000,0.05254911
1000,0.046826016
1000,0.042272367
1000,0.03932115
1000,0.03768765
1000,0.036580257
1000,0.035109356
1000,0.032733954
1000,0.029572165
1000,0.026455231
1000,0.024701202
1000,0.025681432
1000,0.030318335
1000,0.03867011
1000,0.04974123
1000,0.061611366
1000,0.07188628
1000,0.078348264
1000,0.0795767
1000,0.07530848
1000,0.06643613
1000,0.054700788
1000,0.04221382
1000,0.030960012
1000,0.022421625
1000,0.017398523
1000,0.016019726
1000,0.017883087
1000,0.022236707
1000,0.028125653
1000,0.034479737
1000,0.04018315
1000,0.04418923
1000,0.04570817
1000,0.044416443
1000,0.04057785
1000,0.03499491
1000,0.028792914
1000,0.02311564
1000,0.01884255
1000,0.016412979
1000,0.015793348
1000,0.016574372
1000,0.018152284
1000,0.019938214
1000,0.02154381
1000,0.022901371
1000,0.024286425
1000,0.026224867
1000,0.029293098
1000,0.033854797
1000,0.03981389
1000,0.04649083
1000,0.05271745
1000,0.05716436
1000,0.05878888
1000,0.057202462
1000,0.052793086
1000,0.04656405
1000,0.03977812
1000,0.033562526
1000,0.028622014
1000,0.025153672
1000,0.022981534
1000,0.021846514
1000,0.02172234
1000,0.023007842
1000,0.026486013
1000,0.033024117
1000,0.043093394
1000,0.056288887
1000,0.07107532
1000,0.08494191
1000,0.095016725
1000,0.09897838
1000,0.095888086
1000,0.0865491
1000,0.07324177
1000,0.058970094
1000,0.046543375
1000,0.037838
1000,0.033454742
1000,0.0328174
1000,0.034615897
1000,0.037408512
1000,0.040163446
1000,0.04254259
1000,0.04483705
1000,0.047603987
1000,0.051186476
1000,0.055351857
1000,0.059226785
1000,0.061576363
1000,0.061313964
1000,0.057996355
1000,0.05205982
1000,0.044705424
1000,0.037510984
1000,0.031937573
1000,0.02890933
1000,0.028597625
1000,0.03046247
1000,0.033523757
1000,0.03677147
1000,0.039573926
1000,0.04192999
1000,0.044463318
1000,0.04813501
1000,0.05375358
1000,0.061464634
1000,0.07044816
1000,0.07899954
1000,0.08502205
1000,0.08676524
1000,0.08349214
1000,0.075776555
1000,0.06532815
1000,0.054447122
1000,0.04532705
1000,0.039450392
1000,0.037259985
1000,0.038183697
1000,0.040979333
1000,0.044277135
1000,0.047131803
1000,0.049373556
1000,0.05159869
1000,0.054788757
1000,0.059721407
1000,0.06643455
1000,0.07399891
1000,0.08074007
1000,0.08485993
1000,0.08519612
1000,0.0817359
1000,0.075602934
1000,0.06853583
1000,0.06215247
1000,0.05736387
1000,0.054182135
1000,0.051967688
1000,0.049965903
1000,0.047856368
1000,0.04603658
1000,0.045493435
1000,0.047321897
1000,0.05211293
1000,0.059479356
1000,0.0679381
1000,0.07524915
1000,0.079138696
1000,0.07813844
1000,0.07216236
1000,0.06255434
1000,0.051612157
1000,0.041817144
1000,0.03507237
1000,0.03219194
1000,0.032767825
1000,0.035424765
1000,0.038369935
1000,0.04006036
1000,0.039763704
1000,0.037811622
1000,0.03546145
1000,0.034427244
1000,0.03624764
1000,0.04169448
1000,0.050405037
1000,0.060867254
1000,0.07080126
1000,0.07785059
1000,0.08034843
1000,0.0778605
1000,0.071286134
1000,0.062486026
1000,0.053612106
1000,0.046420023
1000,0.04181322
1000,0.039749604
1000,0.039505336
1000,0.04017302
1000,0.041183736
1000,0.04261479
1000,0.045134228
1000,0.049604036
1000,0.056519996
1000,0.06554117
1000,0.07533429
1000,0.08384819
1000,0.08896028
1000,0.08924401
1000,0.0845046
1000,0.075839914
1000,0.06523506
1000,0.05488951
1000,0.046541706
1000,0.04103106
1000,0.038230695
1000,0.037345428
1000,0.03743843
1000,0.037959535
1000,0.039042436
1000,0.04143412
1000,0.04608207
1000,0.05354512
1000,0.063473254
1000,0.07440094
1000,0.0840005
1000,0.089763105
1000,0.08987036
1000,0.083885126
1000,0.07292946
1000,0.059277218
1000,0.045594502
1000,0.034166265
1000,0.026361203
1000,0.022449218
1000,0.021763682
1000,0.02311113
1000,0.025278352
1000,0.02747105
1000,0.029538488
1000,0.03190288
1000,0.03522545
1000,0.03995423
1000,0.04594786
1000,0.052343577
1000,0.05774842
1000,0.060698453
1000,0.06019543
1000,0.05607589
1000,0.049054254
1000,0.04045299
1000,0.03176968
1000,0.024258438
1000,0.018658526
1000,0.015132935
1000,0.013404186
1000,0.01301602
1000,0.013619686
1000,0.015180582
1000,0.018016014
1000,0.02262601
1000,0.029369637
1000,0.038114015
1000,0.04801507
1000,0.05756347
1000,0.064935654
1000,0.068551116
1000,0.06761691
1000,0.062419053
1000,0.05422884
1000,0.04487635
1000,0.036184236
1000,0.029476764
1000,0.025315404
1000,0.023517592
1000,0.02342088
1000,0.024278393
1000,0.025630848
1000,0.027505696
1000,0.030359713
1000,0.034786653
1000,0.04110465
1000,0.048994925
1000,0.057367235
1000,0.064559795
1000,0.068846315
1000,0.06906407
1000,0.06507557
1000,0.057835326
1000,0.0490469
1000,0.040589713
1000,0.03395921
1000,0.029906955
1000,0.028365036
1000,0.028636348
1000,0.02975159
1000,0.030858813
1000,0.03151947
1000,0.03182311
1000,0.032290097
1000,0.03359641
1000,0.036216512
1000,0.04012425
1000,0.044685185
1000,0.048806395
1000,0.05130082
1000,0.05131659
1000,0.04863868
1000,0.043732803
1000,0.037539672
1000,0.031138571
1000,0.025425643
1000,0.020917287
1000,0.017727222
1000,0.015700616
1000,0.014637204
1000,0.014507779
1000,0.015570485
1000,0.018317373
1000,0.023239994
1000,0.03049346
1000,0.039605048
1000,0.049376875
1000,0.058074474
1000,0.063884884
1000,0.0654922
1000,0.062525034
1000,0.05567277
1000,0.04643574
1000,0.036640767
1000,0.027930986
1000,0.021406665
1000,0.017503534
1000,0.016102027
1000,0.016787916
1000,0.019146178
1000,0.022964455
1000,0.028250763
1000,0.035052747
1000,0.043169923
1000,0.051910065
1000,0.060042147
1000,0.06603618
1000,0.06854507
1000,0.06692434
1000,0.061523423
1000,0.05359955
1000,0.04489856
1000,0.037100337
1000,0.031360947
1000,0.028099967
1000,0.02706423
1000,0.027602036
1000,0.029029422
1000,0.030948084
1000,0.03338672
1000,0.03670971
1000,0.04133303
1000,0.04735805
1000,0.05428508
1000,0.06096649
1000,0.065879025
1000,0.06764842
1000,0.06560023
1000,0.060057234
1000,0.05224718
1000,0.043896783
1000,0.036702048
1000,0.03186764
1000,0.029844586
1000,0.030322416
1000,0.03245987
1000,0.03527363
1000,0.038056023
1000,0.040655065
1000,0.043464623
1000,0.04710873
1000,0.05197703
1000,0.057842072
1000,0.06375574
1000,0.06830509
1000,0.07013331
1000,0.06847793
1000,0.06346731
1000,0.056066226
1000,0.047725886
1000,0.03989925
1000,0.033616945
1000,0.029272402
1000,0.026670394
1000,0.025296606
1000,0.024694283
1000,0.024790086
1000,0.026019463
1000,0.029181857
1000,0.03506404
1000,0.04396198
1000,0.05529453
1000,0.06750291
1000,0.07834513
1000,0.08554105
1000,0.08754279
1000,0.084098
1000,0.076351814
1000,0.06644926
1000,0.05680857
1000,0.049351193
1000,0.044970732
1000,0.043412168
1000,0.043580398
1000,0.044148695
1000,0.04422328
1000,0.043785885
1000,0.043728955
1000,0.045472473
1000,0.050309215
1000,0.058731727
1000,0.07001159
1000,0.082224116
1000,0.092761345
1000,0.099174276
1000,0.0999964
1000,0.0951931
1000,0.0860875
1000,0.07483715
1000,0.063691065
1000,0.054316845
1000,0.047427077
1000,0.04280055
1000,0.03965142
1000,0.037183832
1000,0.03510206
1000,0.03386237
1000,0.0345573
1000,0.038469877
1000,0.046455145
1000,0.058370672
1000,0.0727906
1000,0.08717546
1000,0.09851809
1000,0.10426871
1000,0.10316013
1000,0.095576644
1000,0.08335113
1000,0.06912949
1000,0.055569585
1000,0.044657905
1000,0.03734558
1000,0.033564586
1000,0.032555293
1000,0.033351447
1000,0.035233982
1000,0.037987705
1000,0.0418687
1000,0.047300298
1000,0.054423083
1000,0.062710315
1000,0.070861846
1000,0.07708371
1000,0.079681985
1000,0.07771933
1000,0.07141275
1000,0.062081512
1000,0.051695183
1000,0.042245068
1000,0.035190016
1000,0.03114527
1000,0.029870987
1000,0.030519115
1000,0.032029662
1000,0.033537347
1000,0.034656476
1000,0.035550468
1000,0.036765292
1000,0.038897425
1000,0.042235166
1000,0.046522893
1000,0.05095103
1000,0.054390542
1000,0.0557793
1000,0.054492746
1000,0.050555047
1000,0.044625543
1000,0.037782785
1000,0.031197384
1000,0.025811741
1000,0.022135023
1000,0.02021175
1000,0.019751975
1000,0.020354774
1000,0.021729888
1000,0.023824563
1000,0.026795072
1000,0.030831104
1000,0.03591646
1000,0.041636374
1000,0.047132805
1000,0.05127151
1000,0.052997474
1000,0.051752027
1000,0.047753766
1000,0.041979026
1000,0.0358391
1000,0.030713327
1000,0.027529918
1000,0.026531141
1000,0.027278693
1000,0.028871791
1000,0.03029292
1000,0.03077124
1000,0.030045714
1000,0.028442556
1000,0.026745621
1000,0.025912145
1000,0.026739862
1000,0.029591156
1000,0.034250908
1000,0.039950058
1000,0.04553841
1000,0.049762856
1000,0.051588383
1000,0.050468422
1000,0.04646692
1000,0.04019963
1000,0.032633882
1000,0.024824735
1000,0.017675152
1000,0.011784113
1000,0.0074019083
1000,0.0044738003
1000,0.0027373908
1000,0.0018372714
1000,0.00142579
1000,0.0012297527
1000,0.0010769033
1000,0.00088897295
1000,0.0006557799
1000,0.0004044662
1000,0.00017306127
1000,1.5229756e-05
1000,0.0
1000,0.0
1000,0.0
1000,0.0
1000,0.0
1000,5.909087e-09
1000,1.6960603e-05
1000,3.815554e-05
1000,4.3651544e-05
1000,3.751562e-05
1000,2.501251e-05
1000,1.1051757e-05
1000,9.076406e-07
1000,0.0
1000,0.0
1000,0.0
1000,0.0
1000,0.0
1000,1.1673251e-08
1000,1.4144811e-06
1000,2.9113105e-06
1000,3.2730973e-06
1000,2.7980636e-06
1000,1.8704228e-06
1000,8.459989e-07
1000,8.291574e-08
1000,0.0
1000,0.0
1000,0.0
1000,0.0
1000,0.0
1000,0.0
1000,0.0
1000,0.0
1000,0.0
1000,0.0
1000,0.0
1000,0.0
1000,0.0
1000,0.0
1000,0.0
1000,0.0
1000,0.0
1000,0.0
1000,0.0
1000,0.0
1000,0.0
1000,0.0
1000,0.0
1000,0.0
1000,0.0
1000,0.0
1000,0.0
1000,0.0
1000,0.0
1000,0.0
1000,0.0
1000,0.0
1000,0.0
1000,0.0
1000,0.0
1000,0.0
1000,0.0
1000,0.0
1000,0.0
1000,0.0
1000,0.0
1000,0.0
1000,0.0
1000,0.0
1000,0.0
1000,0.0
1000,0.0
1000,0.0
1000,0.0
1000,0.0
1000,0.0
1000,0.0
1000,0.0
1000,0.0
1000,0.0
1000,0.0
1000,0.0
1000,0.0
1000,0.0
1000,0.0
1000,0.0
1000,0.0
1000,0.0
1000,0.0
1000,0.0
1000,0.0
1000,0.0
1000,0.0
1000,0.0
1000,0.0
1000,0.0
1000,0.0
1000,0.0
1000,0.0
1000,0.0
1000,0.0
1000,0.0
1000,0.0
1000,0.0
1000,0.0
1000,0.0
1000,0.0
1000,0.0
1000,0.0
1000,0.0
1000,0.0
1000,0.0
1000,0.0
1000,0.0
1000,0.0
1000,0.0
1000,0.0
1000,0.0
1000,0.0
1000,0.0
1000,0.0
1000,0.0
1000,0.0
1000,0.0
1000,0.0
1000,0.0
1000,0.0
1000,0.0
1000,0.0
1000,0.0
1000,0.0
1000,0.0
1000,0.0
1000,0.0
1000,0.0
1000,0.0
1000,0.0
1000,0.0
1000,0.0
1000,0.0
1000,0.0
1000,0.0
1000,0.0
